,date,tv,digital,print,holiday,sales
0,2021-01-01,164.90142459033697,269.9677718293001,56.496434500512365,0,1262.6229253223619
1,2021-01-02,145.85207096486445,246.23168414563844,67.10962658568964,1,1372.241842645176
2,2021-01-03,169.43065614302077,202.9815184960087,54.15160158000077,0,1258.740406019607
3,2021-01-04,195.69089569224076,167.6531611147213,63.84076940721919,1,1346.3825833616065
4,2021-01-05,142.97539875829992,234.9111656806795,32.12770666092429,0,1227.5902589053665
5,2021-01-06,142.9758912915246,219.67426927108747,74.26587414745877,0,1216.511391666436
6,2021-01-07,197.37638446522175,244.7596610013866,70.02410950724449,0,1285.0455102079284
7,2021-01-08,173.02304187458725,231.75859008409847,53.658227378636184,0,1243.5139328110888
8,2021-01-09,135.91576842195144,252.47763576596677,83.1849133686481,0,1223.3659856489094
9,2021-01-10,166.27680130757895,173.2382394219716,88.75140275253116,0,1242.361354276902
10,2021-01-11,136.09746921562612,265.8697032817163,37.84880271262052,0,1193.6273797552064
11,2021-01-12,136.02810739289228,209.87998023461998,54.745504428675716,0,1179.464837539314
12,2021-01-13,157.25886814698103,303.76304363126326,54.617153004254035,0,1217.6549352222746
13,2021-01-14,92.60159266026606,165.5406090955216,51.20193797782271,0,1104.4960298493756
14,2021-01-15,98.25246502460902,286.79819015826246,86.58949683863497,0,1165.0913406732004
15,2021-01-16,133.1313741227708,209.8955391731324,66.12347722454393,0,1214.1086065237432
16,2021-01-17,119.61506638996728,167.42909981927758,64.70970317378779,0,1156.0021115057516
17,2021-01-18,159.42741997785822,175.80570829728393,29.92275271186493,0,1233.5621169363494
18,2021-01-19,122.75927773436368,183.982634590284,82.70836060418452,0,1195.5371526948625
19,2021-01-20,107.63088895994125,221.20829732009582,45.21483210293055,0,1123.9812181734144
20,2021-01-21,193.96946306764661,226.14177440177497,71.19865260532657,0,1295.7009934358948
21,2021-01-22,143.22671098540394,171.31499980307106,75.54753875916383,0,1234.0546780459094
22,2021-01-23,152.02584614063773,198.78227038695087,97.21317191677302,0,1201.2872813950319
23,2021-01-24,107.2575544135963,307.11351793059316,43.823592017617756,0,1220.7620744831477
24,2021-01-25,133.6685182642445,286.3771585050356,20.0,0,1197.8867186934792
25,2021-01-26,153.32767769129597,221.8161834837016,73.6769908950739,0,1237.5380422178714
26,2021-01-27,115.47019267733091,201.90017390841,106.01022363021707,0,1159.3073373672482
27,2021-01-28,161.27094055037017,206.00156633591305,94.77892705878875,0,1188.2340022868643
28,2021-01-29,131.98083930243584,230.67589863652083,74.19318830549251,0,1204.5377308661016
29,2021-01-30,141.2491875062017,148.86037174007973,60.16727628735905,0,1194.2288858974523
30,2021-01-31,131.94880163311808,187.13117312883276,86.14245193274621,0,1193.386253149879
31,2021-02-01,205.56834553526812,116.57079630612053,50.529076005910625,0,1215.12448288161
32,2021-02-02,149.59508325786197,219.96115613026396,79.52715538712438,0,1219.491889310432
33,2021-02-03,118.26867213132299,232.35979698513705,80.10940318333253,0,1212.0773344409527
34,2021-02-04,174.67634736309566,175.84067688503131,91.2041981499776,1,1344.3225991549243
35,2021-02-05,113.37469050086933,278.6993381645016,125.19320077822155,0,1227.4981630238406
36,2021-02-06,156.26590785014267,138.71171684988295,77.84831934357534,1,1293.3456307601955
37,2021-02-07,91.20989628360672,126.78125598950899,59.82072748585003,0,1176.3599560191142
38,2021-02-08,110.15441853304708,211.2225909279986,69.48851375616012,0,1152.1336984660352
39,2021-02-09,155.9058370760737,252.35491513060774,34.61848190221764,0,1253.1628169083012
40,2021-02-10,172.1539973998623,284.1963845728934,56.105737378218834,0,1304.0907930361732
41,2021-02-11,155.1410484356991,177.055786856553,61.814351237737924,0,1235.0478975226795
42,2021-02-12,146.5305515283528,253.93404167156478,59.51823204130815,0,1228.5386836261391
43,2021-02-13,140.96688913232134,198.07457652496464,73.04709744067443,0,1199.149770178056
44,2021-02-14,105.64434028897718,191.36863500295902,53.55160135235599,1,1304.8478805917239
45,2021-02-15,128.40467374815873,244.1829968743336,92.42061334648943,0,1177.4544477219067
46,2021-02-16,136.18083687120637,232.616143920671,70.00414129836395,0,1190.8627804956911
47,2021-02-17,181.71366678656747,121.18039215078753,69.8139935772277,0,1220.1038501824978
48,2021-02-18,160.30854868705384,273.8270174862948,63.44210566974164,0,1292.2746877922507
49,2021-02-19,97.10879533911799,269.0045677073726,73.10381367717959,0,1203.8239574679924
50,2021-02-20,159.72251908184384,168.72186492452352,86.5019652933527,0,1198.598098862564
51,2021-02-21,138.4475315875105,219.79017667187046,52.65739568578199,1,1305.6068325646806
52,2021-02-22,129.69233999082124,224.70150931413696,56.837670218494864,0,1190.0406325058725
53,2021-02-23,168.35028866522603,213.03368829119535,63.92547942446671,0,1223.751821270472
54,2021-02-24,180.92998567487854,172.484742307729,43.082581530535705,0,1270.6586114300076
55,2021-02-25,177.93840357348597,166.41883160309743,53.61484280557005,0,1197.4347277376241
56,2021-02-26,124.82347430332084,198.72229645042773,60.475582529106816,0,1244.7987054163018
57,2021-02-27,140.72362872446357,258.63645096296824,87.48778361425455,0,1260.6590114417438
58,2021-02-28,159.93790294210692,227.1800077297216,75.2512265800385,0,1275.8680006951422
59,2021-03-01,179.26635381367078,181.4692833956947,73.8717982273509,0,1234.5933131170916
60,2021-03-02,135.6247728646413,238.58493553241723,87.01795924335944,0,1220.105623800665
61,2021-03-03,144.43023070008547,57.57286896849624,67.25256423201206,0,1132.1580498012956
62,2021-03-04,116.80995077981916,257.43828501860514,77.80929699857779,0,1193.8634234731123
63,2021-03-05,114.11380127757988,113.01431106109501,67.93556494135008,0,1176.4148530134728
64,2021-03-06,174.37577467182595,181.8779529298434,75.30724698799257,0,1282.8825018018194
65,2021-03-07,190.68720085712468,144.0165052686928,58.34482684776836,0,1212.3464133032128
66,2021-03-08,147.83969635258998,135.2659262139547,21.22365683447142,0,1181.6990274741127
67,2021-03-09,180.10598693676073,258.04133936892595,67.31441675627391,0,1266.4422954917175
68,2021-03-10,160.84908075142903,176.61493993440544,98.45496272199881,0,1191.6508792103757
69,2021-03-11,130.6464073618463,217.3251940865358,88.52430804483186,0,1231.2893044495254
70,2021-03-12,160.8418681652524,197.6539710560408,89.30794969182341,0,1216.279939468151
71,2021-03-13,196.1410969939791,223.85204136115607,94.72261443612436,0,1276.37952175424
72,2021-03-14,148.92521882670147,203.84109455301277,71.77315181922874,0,1210.8736963990948
73,2021-03-15,196.9393096744202,135.85038879057151,73.94631414811191,0,1228.8035339696237
74,2021-03-16,71.40764687730767,249.813340972357,57.646962091313,0,1157.6696920228608
75,2021-03-17,174.6570751312567,175.31217084193437,63.678542879459,1,1333.518147602688
76,2021-03-18,152.61141204714514,122.17090506701244,82.31542299542284,0,1194.5700316979737
77,2021-03-19,141.02977948602398,178.59424195170436,94.07768874337633,0,1191.5697411698002
78,2021-03-20,152.75282329606506,275.03798953171554,67.21107448638001,0,1258.2921751763445
79,2021-03-21,90.37293256197322,242.51108710567465,60.99621470297177,0,1224.9340196890385
80,2021-03-22,143.40984336487463,182.56739327960705,70.01055917713195,1,1316.378790169357
81,2021-03-23,160.71337714535238,182.53711478407857,82.0241349785823,0,1261.762885023626
82,2021-03-24,194.33682134224549,183.91824743913088,41.12290367732916,1,1316.030218554847
83,2021-03-25,134.45189345179057,303.83739917804206,24.076380937255237,1,1335.151232571467
84,2021-03-26,125.74519191320437,219.09677261157768,58.98926301016833,1,1270.3510267295792
85,2021-03-27,134.9472886924639,221.50208235955347,45.58575148171683,0,1166.2073158707162
86,2021-03-28,177.46206353106223,251.51417270159212,59.83719604705378,0,1242.7026123271796
87,2021-03-29,159.86253328979052,211.93945795132566,67.04439362365056,0,1272.6102294323255
88,2021-03-30,134.10719388698882,187.04789270896484,60.93503181953973,0,1230.9090429236755
89,2021-03-31,165.39802299340067,190.1825075457511,99.04935068941491,0,1249.552787056641
90,2021-04-01,152.9123264804412,196.4199370292968,76.5348952920464,0,1181.1642698509415
91,2021-04-02,179.05934971598668,198.1388881745079,76.00948719221657,0,1247.8144940651441
92,2021-04-03,128.93840718367943,236.381477181849,82.44414288086804,0,1225.3926791814597
93,2021-04-04,140.17013560206695,202.59729429036497,47.223337644384614,0,1215.6600783054112
94,2021-04-05,138.2367554060353,236.63200386077895,90.78223574840537,0,1172.0689962095275
95,2021-04-06,106.09455155603644,195.96417099457088,68.4847142692908,0,1151.8712102676698
96,2021-04-07,158.88360831193728,203.93175951580454,83.40961234482425,0,1234.8227257111819
97,2021-04-08,157.83165816539668,100.08996577339462,48.56285533919689,0,1213.6599462507702
98,2021-04-09,150.15340369927384,245.81638373512408,38.924824679678714,0,1165.7994491227485
99,2021-04-10,142.9623859987456,217.32442379489964,86.35779316050058,0,1220.5675525049198
100,2021-04-11,107.53887773848757,249.9005054929826,77.52819052195034,1,1302.3061305871408
101,2021-04-12,137.38064031703922,55.18723109031555,51.95896891284979,0,1189.8169630821903
102,2021-04-13,139.7185645041969,304.4187352390364,52.60673837450611,0,1262.351260277932
103,2021-04-14,125.93168192335143,193.0205185922413,92.50869568829539,0,1219.816716202947
104,2021-04-15,145.16142865001973,255.40914083687582,46.21176214265344,0,1207.0283081285554
105,2021-04-16,162.12152570443615,148.00470364372347,102.85345906511927,0,1169.8535644968779
106,2021-04-17,206.5855770363159,230.63869525312847,51.98758530704262,0,1274.383119961821
107,2021-04-18,155.23733438495518,147.32922184131718,82.76783851216766,0,1246.0386233960407
108,2021-04-19,157.72651172168293,168.81155196520973,63.42763048502031,0,1262.859139233983
109,2021-04-20,147.766622527015,295.7015676933393,82.06374862164687,0,1274.2063156282798
110,2021-04-21,92.43686354102876,190.46587996183268,59.11771995771615,0,1174.2803962051737
111,2021-04-22,149.2045837365235,210.87164365898616,66.74414187855412,1,1337.204094661509
112,2021-04-23,151.80690629823079,243.5033865344377,70.81838350791442,1,1322.3380365573219
113,2021-04-24,223.89726337455858,224.78409439863023,49.95625088437055,0,1297.421933064413
114,2021-04-25,144.22917105656632,207.52094525717882,84.81648690840251,0,1273.5208377901906
115,2021-04-26,159.04642027000838,218.24805012331126,59.73572867056829,0,1208.1912408673593
116,2021-04-27,148.9586469088427,320.17077926191376,65.42800169319963,0,1306.5388447473524
117,2021-04-28,114.93965887141404,197.11906014832073,50.11301250782975,0,1174.437134782714
118,2021-04-29,184.28468443545063,210.05495233574837,20.0,1,1391.0641334090276
119,2021-04-30,172.55799098060322,252.5327198003806,66.17944474799663,0,1219.3492455853905
120,2021-05-01,173.7309584112914,255.2762966478992,118.25230843225832,0,1291.5414351270524
121,2021-05-02,122.71837635615783,259.351515278019,85.69208575796048,0,1195.559144012727
122,2021-05-03,192.08382932808297,231.93651110145925,69.6147924053121,1,1333.1297253818575
123,2021-05-04,107.94446811623158,142.84975436347582,64.74218341583465,0,1170.3038523807693
124,2021-05-05,167.60571281400811,281.6715766150548,70.44931785624092,0,1296.4812030276514
125,2021-05-06,215.71366877429935,142.6827303490656,80.9423823035042,0,1249.358721181915
126,2021-05-07,120.28391024607936,215.13177326195165,46.38374369382311,0,1149.1297121496773
127,2021-05-08,133.01106811191684,162.28620749903212,92.28643389337745,0,1197.398874210253
128,2021-05-09,152.98954095262923,196.79308267035037,84.30762630882488,1,1326.265931152184
129,2021-05-10,134.89573037651402,216.43812051517403,84.36371451415869,0,1233.1494982605327
130,2021-05-11,103.48009706801602,216.06786077251365,78.76951477619454,0,1212.5421953959437
131,2021-05-12,152.0568892441808,221.09603771176424,70.3923331538798,0,1230.6817117503113
132,2021-05-13,118.13088858821686,280.68556345293234,83.4572247193364,0,1274.6931020117916
133,2021-05-14,164.20777291905546,222.67671507569898,81.83628267482756,0,1254.1050863127894
134,2021-05-15,122.4172729729859,187.79216823546756,62.91918578117952,0,1180.945965419655
135,2021-05-16,196.49803215052617,248.20435841441787,58.52796454206198,0,1234.317911810179
136,2021-05-17,126.50240122991289,259.47352444623203,72.03712590523973,0,1210.8720981353456
137,2021-05-18,140.33815451382972,138.61960924315036,100.98040302990375,0,1192.0285095304216
138,2021-05-19,174.40551652109008,229.8700034924929,45.21785848692198,0,1281.2192331546664
139,2021-05-20,113.07407050698134,235.0586371155449,40.6494946849512,1,1305.5960693006407
140,2021-05-21,156.82379803812387,185.1218248320004,73.29521682473033,0,1191.6383152036915
141,2021-05-22,189.21428262847286,268.785340665581,71.01775403712035,0,1289.2210672279025
142,2021-05-23,101.77550296316318,192.49722064837366,73.46683328740816,0,1194.3639709670285
143,2021-05-24,155.53901575596913,206.2788226735771,74.87906395817001,0,1278.2394161313114
144,2021-05-25,157.7964838274527,191.34640878580652,65.5359549073039,0,1254.9327164670772
145,2021-05-26,173.4546861533193,200.7789523790734,99.79726877204165,0,1276.4732252507938
146,2021-05-27,112.89147867365755,145.1862456552399,37.981920430469685,0,1165.8463162947783
147,2021-05-28,110.38630160747171,127.99745587028528,53.430059504395075,0,1171.12091043214
148,2021-05-29,165.65824696850694,279.7252531612486,67.93490479701906,0,1300.64795089747
149,2021-05-30,158.90954019699558,157.65193258408362,37.13622377691665,0,1173.6490428032146
150,2021-05-31,157.5147855103763,150.43038252718463,66.48291191135857,1,1305.4573028342945
151,2021-06-01,160.39344628490926,92.33049431981426,103.22940331456036,0,1185.5614127810784
152,2021-06-02,129.59925835264528,168.05191261552488,70.41772976591923,0,1205.4729716522704
153,2021-06-03,156.96761091483012,133.84551032962509,74.61401811437366,1,1348.9507329061162
154,2021-06-04,158.79217419896042,282.10075800681847,44.796704696548396,1,1334.472513938683
155,2021-06-05,128.56945745920896,250.4908544671317,57.672771839210455,0,1143.5421371431073
156,2021-06-06,205.9732353343427,165.59248274111383,62.49607239352126,0,1255.7835722846469
157,2021-06-07,164.21498762735362,312.62179026721543,63.64569806487532,0,1298.1348762810155
158,2021-06-08,114.26089508392054,249.0882743495797,95.63287590007538,0,1224.242849657306
159,2021-06-09,169.69660825901488,183.75843082456888,81.15382121450249,0,1253.9004891836034
160,2021-06-10,120.75954989318035,75.02971425632134,47.77084086125936,0,1144.4228332860941
161,2021-06-11,173.61253811227357,314.5471286295371,74.9300955686401,0,1244.5917737282691
162,2021-06-12,184.75786737022213,130.5213766618202,79.9644349699357,0,1255.3659970114895
163,2021-06-13,125.37953044944868,117.73006265215541,92.80298077042534,0,1154.2306910981417
164,2021-06-14,178.90128387732966,251.128521600482,101.61081373136747,0,1340.0849051051616
165,2021-06-15,162.38342780809495,321.98762031696367,49.69811616344263,0,1286.034553386508
166,2021-06-16,174.6618047998347,269.2136409255259,53.78284977579324,0,1248.7630179560326
167,2021-06-17,206.9037894796184,228.195456002618,44.84844282170768,0,1265.9905574230866
168,2021-06-18,142.63835651991388,229.7377170832643,65.31960281786037,1,1321.8352660100575
169,2021-06-19,127.38791506927531,242.67077793901538,79.32716748892669,0,1208.8695242881126
170,2021-06-20,123.3145671112343,237.94642948933824,89.74669033178203,0,1246.1528472902908
171,2021-06-21,125.52569145103685,214.0595711984688,68.48097952714954,0,1209.0322438083288
172,2021-06-22,147.68694871757688,205.21005519759382,63.60304953490312,0,1200.0216230165797
173,2021-06-23,160.2345592444993,196.8703436050239,73.03515984497481,1,1390.6159148496747
174,2021-06-24,158.30072397990057,162.30177055666618,53.29714196739954,0,1219.1299334859868
175,2021-06-25,174.8154974710807,185.9662461566613,111.79077443389546,0,1276.0287164839253
176,2021-06-26,150.3900567563372,115.35215929023073,37.846779457638824,0,1174.3182652115913
177,2021-06-27,193.6060223147195,195.0830186602625,73.69481157791449,0,1277.7633590607168
178,2021-06-28,142.06029500286132,150.57044464245413,110.47212438459279,0,1218.659153006812
179,2021-06-29,231.60507499768858,144.82053413921145,70.13599689119995,0,1232.3889558548074
180,2021-06-30,168.7700204329502,208.99470755767393,66.19921929997011,0,1305.1665298740654
181,2021-07-01,124.28527330751152,269.60011431722995,62.851091543791455,0,1256.4548597391151
182,2021-07-02,117.87322505816664,245.91583030011566,66.39216636475184,0,1193.0105479367721
183,2021-07-03,164.47417245729557,121.47496981884115,97.45696949353061,1,1287.339965087978
184,2021-07-04,143.29611644022447,150.51859317148313,25.762761773409864,0,1204.031095160458
185,2021-07-05,171.42001482276277,247.0385593994108,100.6686740259265,0,1268.2662484302032
186,2021-07-06,164.19712873720636,150.87563032308452,41.5208569509971,0,1228.434057681228
187,2021-07-07,147.8151326202938,188.76834250014878,64.66695341531171,1,1323.1263479392233
188,2021-07-08,124.59618845794785,227.5026049512276,61.41511159402676,0,1220.317221941299
189,2021-07-09,104.55458325942406,151.58277725681825,81.7710653954144,0,1209.8028004973066
190,2021-07-10,136.60455143798936,205.268775307298,38.03751296232505,0,1222.835782776503
191,2021-07-11,175.69196382970418,133.2987252540898,79.24345332163885,0,1200.0406071029606
192,2021-07-12,156.42281232390613,169.93161780243932,110.48619246573705,0,1270.3764217391588
193,2021-07-13,112.62783663864036,215.98909670712686,42.73651990814379,0,1235.190306537056
194,2021-07-14,155.19542777553545,120.35031332341653,73.79412335220792,0,1300.6210484783644
195,2021-07-15,161.5595213918651,222.02373689801993,56.76035644406782,0,1205.8138927528967
196,2021-07-16,123.48427691396601,199.01811005366594,78.51774412386072,0,1206.1797191493458
197,2021-07-17,154.61175317836583,227.6244977208574,70.38295554831504,0,1174.5127325086164
198,2021-07-18,151.74626155338,211.19570670323307,57.170261819113804,0,1243.1335006195488
199,2021-07-19,115.71089106508131,268.2070214986922,79.75744569742147,0,1195.6784777091702
200,2021-07-20,160.73362081044849,206.26122513239537,106.08696219573486,0,1301.5327546340625
201,2021-07-21,166.82353579104702,178.52972294373734,66.18192416545402,0,1210.3803884067015
202,2021-07-22,182.4915372952583,206.1148751516142,84.39515884296364,0,1210.5295404703174
203,2021-07-23,181.6140615610471,227.1649014518194,44.134540842576726,0,1244.4525279440325
204,2021-07-24,108.66991896128727,202.44300351628522,50.871272463639826,0,1120.3124413723867
205,2021-07-25,121.86524880254632,202.0295845601941,79.44812555760754,0,1220.8967329173456
206,2021-07-26,165.4510580162598,164.90041560966222,99.6823205707193,0,1172.9051554256127
207,2021-07-27,165.41357852736627,166.8549541224526,77.1122669757132,0,1231.7462455947395
208,2021-07-28,165.45143058918143,129.86973641001532,63.73883938953691,0,1154.8257647944074
209,2021-07-29,265.5819447196416,287.478837159347,69.98582810846708,0,1356.21382735304
210,2021-07-30,167.126715320795,137.80683823043574,44.99184532060565,0,1266.7684805281829
211,2021-07-31,184.06696920541796,165.35474011020463,82.09030652710733,0,1260.9108892869745
212,2021-08-01,178.62005290479607,164.0796367215401,87.64666124646818,0,1219.4684680216037
213,2021-08-02,169.54173753917394,244.74621884722205,60.958193343338394,0,1254.2211371938356
214,2021-08-03,140.54192266078962,185.2525160853986,60.59915704480997,1,1308.7780150567048
215,2021-08-04,172.76907661479802,262.3871036336867,75.31756459304097,1,1380.7276309988144
216,2021-08-05,126.81524356387285,166.32546878780659,61.265605279188094,0,1147.9602543576277
217,2021-08-06,142.89544179779972,213.9497081111901,68.67734770748355,0,1238.5928419880736
218,2021-08-07,135.43909356512688,158.23264733701214,111.99443578333032,0,1124.1760259748132
219,2021-08-08,152.45622418158968,307.2574563886694,65.05948598508007,0,1238.7488217242922
220,2021-08-09,219.43975700020525,140.62007904852436,62.83319695957556,0,1259.544204833131
221,2021-08-10,93.98204422224757,215.49103551135138,57.049163887296814,0,1189.0389924352494
222,2021-08-11,170.5878057112354,231.6888440466049,84.88383942999873,0,1257.7501523915228
223,2021-08-12,101.61852386431045,220.6899548725749,66.37551653563794,0,1138.9337220175219
224,2021-08-13,135.84204402631698,190.7356170561146,57.01253923357148,0,1174.9154432153553
225,2021-08-14,182.66851790902098,193.5089650133287,96.42608064546025,0,1265.9668238285337
226,2021-08-15,151.9284005728639,202.19057359895547,98.39206009027274,0,1229.8919644146686
227,2021-08-16,117.66765666212082,192.64989991857556,57.9915286852259,0,1169.6872090856664
228,2021-08-17,128.54088872220095,248.19395583974548,32.66920097278768,0,1195.1079019833228
229,2021-08-18,170.38793246804028,310.52615007956757,90.15027379673845,0,1302.4608721660368
230,2021-08-19,128.0890010484859,172.1254107496083,56.30740348479992,0,1175.457327784252
231,2021-08-20,156.49375768745924,131.5098510210461,85.81251198325538,1,1310.466478069552
232,2021-08-21,151.3671551971144,195.58589758243727,30.597923645763288,0,1281.2606068434145
233,2021-08-22,130.4519895718255,328.98546688271597,87.85194676598618,1,1304.0075398833199
234,2021-08-23,214.31832267975977,159.81627160151345,45.776561414384375,1,1315.863234495851
235,2021-08-24,169.01757066954033,281.9558402722034,84.61528238133049,0,1294.0350691714257
236,2021-08-25,89.24572240027179,283.885040703822,70.28546135672869,0,1168.1090350439408
237,2021-08-26,155.59362944308282,172.32058791460028,50.921211612067104,0,1207.9269223075976
238,2021-08-27,130.14640605694836,228.44915395926375,61.85927374146439,1,1287.618315649087
239,2021-08-28,175.5730000438867,281.4198311564269,83.72636913913402,0,1268.950218995616
240,2021-08-29,126.22437784701899,181.04361295062566,72.11788906230468,0,1242.917182907558
241,2021-08-30,146.55790675599303,189.82098199488192,81.68825960944969,0,1243.905707034891
242,2021-08-31,165.1496183694137,170.9159543025678,109.52881169030971,0,1264.1968723548555
243,2021-09-01,175.97265582510363,149.26216346535665,38.71516776577897,0,1186.007526744087
244,2021-09-02,113.99110778832672,167.53612274669965,102.34425149937248,0,1150.186182815625
245,2021-09-03,139.96496292477156,138.8029866618872,72.08711875046426,0,1110.8509228888677
246,2021-09-04,135.75164066517132,201.7041734129613,52.02431903353744,1,1282.3863318632846
247,2021-09-05,130.40012302278865,161.5013384470679,43.393727485220204,0,1216.2303656455229
248,2021-09-06,202.9636272084329,211.68929558953738,66.21759218445933,1,1395.222329794637
249,2021-09-07,162.14945132882866,122.20521768981864,88.4330022384892,0,1209.8522191949082
250,2021-09-08,112.17348136994865,216.54401161072286,67.44901759244931,0,1189.9574798601138
251,2021-09-09,177.5358584116433,241.67644808044622,100.22309860494695,0,1249.4168462795046
252,2021-09-10,213.664685910379,100.31321787142723,40.97648619896882,0,1258.0967149836545
253,2021-09-11,180.9739578165344,218.70282849237861,69.7582210430789,0,1283.5127989572825
254,2021-09-12,104.4189010213796,261.3834496236646,44.952131111737614,0,1143.3477585085122
255,2021-09-13,135.47297781401247,139.51794906543972,77.27263765249936,0,1201.7723206992648
256,2021-09-14,188.00733447559867,283.62861934188516,87.737747801946,1,1418.6165159671934
257,2021-09-15,128.76991603143657,220.95095046830227,61.584764126378936,1,1294.9191453283022
258,2021-09-16,163.31458284438685,164.74940721207957,20.0,0,1237.7604233716283
259,2021-09-17,173.23902160288011,197.2115461171147,73.97896293592989,0,1331.637911359377
260,2021-09-18,122.19208585265751,227.91634562608613,78.73477103467019,0,1203.1836599578107
261,2021-09-19,148.21423931814599,203.80026957062057,78.08589509923395,0,1236.7707107093388
262,2021-09-20,52.76197979792782,226.93779962231847,94.71564383644308,1,1217.6447359420704
263,2021-09-21,119.2683707599713,153.9663203460317,48.578926407019026,0,1180.6115870232463
264,2021-09-22,142.4229554582052,208.46804120180389,83.60432210900899,0,1235.4923809900174
265,2021-09-23,112.56650454105451,129.314275154751,93.8501502495595,1,1275.976087345496
266,2021-09-24,198.97233911794905,194.438696932565,34.42824831986967,0,1233.598738270427
267,2021-09-25,107.09575866118102,154.8046179267605,76.39303651837955,0,1175.0066044826485
268,2021-09-26,136.79866539909048,163.22350287051168,59.91640337984657,0,1241.6148750977422
269,2021-09-27,153.92221731858274,261.8046587605219,68.36954653796708,0,1259.5965971897685
270,2021-09-28,193.23819867198347,254.56550602971345,76.95352967076673,0,1313.8581720872062
271,2021-09-29,106.92413546461682,230.45690604535883,60.255428717728954,0,1181.0019339213916
272,2021-09-30,184.8949125646488,145.38436176637106,56.48583841676776,0,1262.304395960625
273,2021-10-01,150.3069918305876,184.1795775152599,70.6830483497605,0,1228.0755099016133
274,2021-10-02,120.55474046856148,260.6548849989592,48.25508122274395,0,1179.874900322181
275,2021-10-03,163.86310422789813,207.08584568199524,48.28349742229629,0,1245.201187560922
276,2021-10-04,155.9717908672041,315.9664769990847,83.58746565913006,0,1237.7283271955462
277,2021-10-05,131.99349368523616,219.6658919697186,47.02411929682688,0,1188.3116768889736
278,2021-10-06,152.09406254970057,209.6024558245016,83.32625001818424,0,1237.3198985194592
279,2021-10-07,138.4405920941472,184.54417678987494,79.25182585707903,0,1218.5715385039293
280,2021-10-08,153.40552035753745,206.6770452391141,35.48386542418807,0,1186.8284330617955
281,2021-10-09,169.8639202356314,192.3765081809728,56.4487069532869,0,1270.4861872160668
282,2021-10-10,197.58050448436057,235.40543383442952,93.88218806094744,0,1304.138760595893
283,2021-10-11,112.86553503519453,247.8351158397292,50.37668937720637,0,1176.149554594228
284,2021-10-12,213.991001239688,160.70052697460252,60.711914753812245,0,1228.2159983893557
285,2021-10-13,91.43736601432494,133.4383523221111,79.24121786503792,0,1142.9699779115228
286,2021-10-14,145.4464471489325,108.18973134483517,85.66781018565192,0,1181.6586171736785
287,2021-10-15,167.64951619453728,225.3995663456272,64.96922227911008,0,1251.657444265638
288,2021-10-16,158.429756032051,144.83166969130633,58.049796106167165,0,1202.5957163260093
289,2021-10-17,131.31901440538218,92.35547035237586,98.44739723397015,0,1118.4914291355387
290,2021-10-18,143.75633248928173,219.4289302265482,104.77799327595159,0,1218.8902020634016
291,2021-10-19,135.209971960235,324.6499758716395,89.57716101563591,1,1341.3518235928047
292,2021-10-20,132.31905729167366,199.69645442300532,71.70636285130048,0,1225.5790969320572
293,2021-10-21,175.48806291063073,241.9245387225821,53.834685567181474,0,1237.8863714025103
294,2021-10-22,160.71046457895142,204.09146792737826,53.39111186886869,0,1282.9763675321155
295,2021-10-23,129.21271214218038,195.05551734044286,80.45028210531515,0,1146.4702072458235
296,2021-10-24,176.9879962629975,245.95382414938842,78.36796441777368,0,1305.7827613254474
297,2021-10-25,159.2189856262983,185.48627279056743,98.03197185892859,0,1227.741692708911
298,2021-10-26,174.3858635651688,213.36961570359514,83.00900185072278,0,1280.7860948166986
299,2021-10-27,168.88886525770837,216.08489030980067,39.93839396480364,0,1244.0960556653713
300,2021-10-28,125.13014967233784,166.59547731784755,91.03895235445837,0,1227.5032494193479
301,2021-10-29,133.1945687940909,249.60211747682615,50.03878745371174,0,1206.4621025912968
302,2021-10-30,172.41880815369785,191.25201216522956,62.32057456095297,0,1209.299913960123
303,2021-10-31,168.31110796300393,162.21274202535776,75.00400412503389,0,1274.5908600137498
304,2021-11-01,149.37295218107556,226.82549217852016,109.9133497956793,1,1335.9988504173032
305,2021-11-02,153.51982149926346,155.07660091044812,132.19837112010723,0,1233.1292302051456
306,2021-11-03,188.32994687365274,201.40905786845642,82.13446118272365,1,1402.2221138920781
307,2021-11-04,132.2528583349251,199.54405016778983,66.33606762559225,0,1174.4246296475476
308,2021-11-05,166.41292143510114,254.2947782915789,80.69011296961101,0,1276.7041044456748
309,2021-11-06,143.9342204269832,223.73491164399763,87.75310851747672,0,1210.9084729297913
310,2021-11-07,143.4695639031834,198.7486520627428,63.586647488856165,0,1211.8464083504464
311,2021-11-08,182.96330555961572,240.88831496001436,105.90422711824644,0,1278.579014432798
312,2021-11-09,174.7624904696409,269.5103774508657,74.60141518382804,0,1225.5292308982582
313,2021-11-10,174.40528908001914,227.8905153175931,79.95486178182789,0,1235.3983047470497
314,2021-11-11,189.16436421462987,200.51763099216902,83.31848504108923,1,1406.5155372928925
315,2021-11-12,150.63011524898278,134.40818838249203,78.43173221228912,0,1233.2246538637319
316,2021-11-13,170.4585891388489,146.74431684623136,86.77881000939225,0,1229.9584588747798
317,2021-11-14,140.6919973021963,184.73876478226663,57.65493626906154,0,1214.9383177460754
318,2021-11-15,159.72499057465328,169.52438989203586,58.833964921079385,0,1213.5218253573862
319,2021-11-16,146.09570836896947,190.6514348507277,47.996915340566105,0,1253.5880234671404
320,2021-11-17,152.90987894978156,202.83249624485535,78.79002461240452,0,1223.5070554118943
321,2021-11-18,167.85471076310742,226.48463771783653,85.57873007024229,1,1359.8711108565524
322,2021-11-19,125.45337950299583,196.47506109704543,79.15545732303772,0,1234.6078936209792
323,2021-11-20,212.7716182705638,224.3250821913101,103.48984866695075,0,1277.44596811597
324,2021-11-21,119.81947855500894,203.22372074050602,69.88807962341907,0,1241.5278862367513
325,2021-11-22,113.57434161636803,101.22667168230643,83.37483311185025,1,1214.7034674511285
326,2021-11-23,184.74332620500203,153.03323030906228,48.16598247721372,0,1289.1757557265473
327,2021-11-24,173.74988081888807,192.79562221391922,62.25800595051198,0,1232.8599011546069
328,2021-11-25,168.72359451156467,139.5152628579446,83.91075515131556,0,1220.0793619644526
329,2021-11-26,168.8503652779284,229.99643649981022,86.98204221486287,0,1198.545399535356
330,2021-11-27,149.63259681459257,276.53754161718484,64.12066104671635,0,1231.7741499877604
331,2021-11-28,123.08236885542505,260.93809258486584,68.56801496283866,0,1183.883203692646
332,2021-11-29,152.2741367458118,189.3278564534896,39.64252506638381,0,1198.7716083339312
333,2021-11-30,129.68514865463663,274.5363068424976,62.85941598386781,0,1220.498594930493
334,2021-12-01,179.25359200253254,207.43337286010558,87.80766327039572,0,1287.7788849488306
335,2021-12-02,145.58827855493584,183.14570144409802,81.50410032213132,0,1223.0609095946104
336,2021-12-03,125.23508409622465,169.32986682295302,80.0133144276242,0,1201.267006630669
337,2021-12-04,140.3584247504102,184.8765156755936,70.9954737436192,0,1177.1548925364455
338,2021-12-05,162.38794362826872,180.59115907293855,70.14126317256353,0,1204.170921296581
339,2021-12-06,133.08826341588076,208.5208111187744,56.793577210531055,0,1260.9649727441586
340,2021-12-07,125.33338813300705,208.02869905249324,83.9765684040507,0,1182.4812804866679
341,2021-12-08,157.31061634475736,200.15230100767073,78.4194588877878,0,1282.726445986335
342,2021-12-09,157.3489971332617,221.84690848731748,79.84037695985599,1,1332.5793091050023
343,2021-12-10,134.79170473886612,259.5323137393171,59.47930314664839,0,1224.6158975742962
344,2021-12-11,135.86885083145032,247.4777067720662,26.933141602575112,0,1247.6097459904831
345,2021-12-12,156.9614981207291,125.75510157750483,91.94305423507392,0,1251.2334120991552
346,2021-12-13,106.55746975508028,72.30394325490226,60.42325087983192,0,1137.0089260991447
347,2021-12-14,107.77608676870335,246.7159955619637,52.74448471913759,0,1180.6924907754737
348,2021-12-15,128.4466733624269,131.65606507922894,83.86957823827987,0,1183.039795078185
349,2021-12-16,143.5965854486446,188.76172990536583,62.15974720161741,0,1222.7957797075414
350,2021-12-17,159.32722696794013,141.49434869703202,91.19872768093244,0,1246.7543877193289
351,2021-12-18,194.26068650848657,109.90097812099901,82.34011899153396,0,1243.8258995129177
352,2021-12-19,175.72978869606058,227.07313641023939,83.67138646400954,0,1279.1525958526288
353,2021-12-20,145.20184410109718,237.95775801513236,42.68088577598931,0,1274.276140628963
354,2021-12-21,149.42951376291933,171.17447996366403,94.23887970772802,0,1231.0689220615077
355,2021-12-22,119.92411906086573,70.4478853927545,75.22501062467713,1,1265.453072483771
356,2021-12-23,149.4446059202283,172.68777758737588,62.61445721507594,1,1268.2065058867543
357,2021-12-24,141.34024083239586,219.59020027012733,72.86776934684502,0,1142.8689506779315
358,2021-12-25,159.6815568101427,126.05442156129357,34.475295342033604,0,1216.0442142238423
359,2021-12-26,125.1830716934303,209.16799598895778,78.17305622961342,0,1200.723354797614
360,2021-12-27,165.58039542723517,199.2345075413502,49.41256983635857,0,1219.7897814094697
361,2021-12-28,195.98216739007734,228.9645749800544,42.946594283129315,0,1280.56676486631
362,2021-12-29,146.73719554629426,205.97901842070766,39.55281627564218,0,1214.6293524517278
363,2021-12-30,162.05135166296824,151.34655295592222,92.2537674997985,0,1259.7394785687216
364,2021-12-31,170.70431975133337,259.82857508322456,57.41473212614423,0,1262.719164749299
365,2022-01-01,137.9633858434249,192.0735213486515,100.67455419832999,0,1193.3126545355813
366,2022-01-02,156.7227744543125,198.6347730245034,59.28397073895404,0,1257.874987678233
367,2022-01-03,150.37777202345384,153.3366020463402,35.852840848141064,0,1197.0353885585982
368,2022-01-04,152.93028295646496,177.83588744042447,47.66951120102682,0,1231.611051938967
369,2022-01-05,126.809706484336,155.75986429865495,94.71623240013878,1,1278.1585910681763
370,2022-01-06,150.7353052277683,191.35269700382884,66.88203644126665,0,1202.0227150522473
371,2022-01-07,164.9399487373635,285.5854240071172,59.034254070187984,0,1264.947473659107
372,2022-01-08,193.53430823385125,131.4049428534322,73.20036451705576,1,1347.9807232996027
373,2022-01-09,178.7781247825562,119.32193010616294,80.0356547233509,1,1344.9766458200804
374,2022-01-10,214.5954737253467,273.55851637468044,92.34797631804922,0,1307.0732513020682
375,2022-01-11,126.97957311335851,189.5338161424067,98.96998459785853,0,1148.5429213625405
376,2022-01-12,176.16961910162036,166.54636306700417,62.80462708421828,0,1225.7112369309136
377,2022-01-13,155.50026017215055,251.99523436980382,43.479046278359235,0,1263.609193753078
378,2022-01-14,215.6940879965302,169.7192230131568,61.730696777534476,0,1270.034711878691
379,2022-01-15,125.75105143934546,291.30048567734684,75.20561013165772,0,1220.7908170934447
380,2022-01-16,124.80834473457672,233.89629356696344,50.72482147578778,0,1234.7134922770013
381,2022-01-17,132.01822063667933,175.60442959271487,50.85698170209914,0,1173.5117490371458
382,2022-01-18,86.28312827070579,307.86541066327516,76.87575763099771,0,1147.7338064486007
383,2022-01-19,134.22734934957717,169.71425384983309,69.02695296859098,0,1194.1280825124804
384,2022-01-20,127.22602015338906,237.10476860046535,70.65593990823173,0,1197.9634201777128
385,2022-01-21,154.51181359428622,214.9646290203246,54.83009330599861,0,1200.9798313689857
386,2022-01-22,160.25267927331478,265.0870644699399,65.39198571588466,0,1247.595842080513
387,2022-01-23,206.28512517647658,278.0755598363426,51.51533711463391,0,1314.7560299677095
388,2022-01-24,178.5127151455815,201.60020745328833,87.80396822249574,0,1256.2749141790327
389,2022-01-25,132.6928903301279,162.32910648269083,90.70498669447505,1,1308.7420517944172
390,2022-01-26,123.04755985954927,222.9986071469558,33.07624275523813,0,1250.9646215101463
391,2022-01-27,164.75757514519518,166.1142315123947,51.4097827961518,0,1214.587435311417
392,2022-01-28,110.39300378938074,300.66936237633115,40.06941489819842,0,1216.95815452126
393,2022-01-29,204.94376297563062,206.82676655413687,56.99952131186204,0,1263.11529632627
394,2022-01-30,185.38320362163861,181.73392243439457,68.33124060419279,0,1228.1788368761863
395,2022-01-31,135.92473043685885,209.23401529324542,41.007095606029395,0,1189.3491245435052
396,2022-02-01,98.60596412727367,132.64368552351516,51.56280373749374,0,1134.3488733861764
397,2022-02-02,190.6161712249624,151.4192980744674,49.92085255837003,0,1256.8104050853901
398,2022-02-03,146.56380464242147,260.0206953972213,74.14534658797888,0,1309.8713561802065
399,2022-02-04,187.13448935920385,167.1552860514302,71.386886740725,0,1230.0771494345026
400,2022-02-05,102.16717023616899,147.65445086590302,55.565248933254935,0,1145.0777961141268
401,2022-02-06,132.0187493113868,226.83263762636432,73.53641744278796,1,1312.8821336945161
402,2022-02-07,150.1573109915455,259.28520773314983,59.06639830825469,0,1251.6301184344338
403,2022-02-08,151.40941781294225,235.94766553325334,64.56689779347893,0,1243.0136213902576
404,2022-02-09,136.4980358556227,249.80238429029083,103.46904180597073,0,1270.6554333223476
405,2022-02-10,168.68549797042496,162.16024557152696,96.80922103580696,0,1163.903653732988
406,2022-02-11,117.97138711852216,128.90946666290782,44.00837526144805,0,1093.838006063814
407,2022-02-12,145.7286154493612,275.06668259777433,86.5946483575835,0,1230.691204739906
408,2022-02-13,153.60886895135695,183.86600805789323,86.22793108983184,0,1258.9332632130024
409,2022-02-14,165.43316502176248,187.45834917724764,47.034734224947634,0,1184.1081756717585
410,2022-02-15,171.3484463426667,266.4097070924529,86.37555287509721,0,1178.317498854609
411,2022-02-16,116.26073724486392,227.811500470033,100.75863836825106,0,1221.8912972461003
412,2022-02-17,103.97657487793134,222.79438860408038,47.549103875111726,0,1187.634428945259
413,2022-02-18,188.33030465695526,308.2501172450542,51.64994357971473,0,1258.429076342432
414,2022-02-19,159.96942035938775,167.82408848099286,90.35322933687004,0,1198.8211047494317
415,2022-02-20,127.5454039033034,246.39200640406187,75.42990621651296,0,1187.4566754787843
416,2022-02-21,196.53455926567568,202.85065624485424,81.02952550479047,0,1276.911720764308
417,2022-02-22,153.47023902878576,213.42961394316285,76.81178432800994,0,1214.0720217918463
418,2022-02-23,185.3789155219148,276.4234213206266,77.81391841856288,0,1298.6906431710809
419,2022-02-24,152.02555444230327,225.39178781448118,43.47055743377834,0,1142.6984023862717
420,2022-02-25,211.82243774645963,226.91480395248163,90.94635413242897,1,1372.380593804856
421,2022-02-26,202.66022527329613,253.6253668654901,93.39179984855548,0,1263.6445764753228
422,2022-02-27,142.5310755456278,181.75236352285575,65.41218511863944,0,1202.4490012750375
423,2022-02-28,179.14712852863067,158.0395166330497,69.13046100372276,0,1224.2436429645861
424,2022-03-01,169.36127848755442,147.7595402989483,39.377849948885554,0,1245.5000239638891
425,2022-03-02,191.05894672597046,101.68217053119992,80.2850951203567,0,1181.8405137596
426,2022-03-03,121.05229618259686,302.8103564970161,81.44114883428288,0,1229.5483771884808
427,2022-03-04,170.58154379995318,144.83958171391583,68.75617966001379,0,1244.534746942482
428,2022-03-05,181.75273460548763,188.9373188207114,92.48706719741006,0,1312.6307667880417
429,2022-03-06,97.23781540730657,186.15933500555397,63.31845538040119,0,1151.2963278522486
430,2022-03-07,114.50224462002674,215.37033489045504,81.29211851787201,0,1205.1055269213132
431,2022-03-08,88.82303466719699,240.78686062696482,49.60671322615769,1,1216.8645517236469
432,2022-03-09,141.91779496666328,243.02367441798725,69.52895698251524,0,1156.9720025591716
433,2022-03-10,171.52626767387886,170.84612807155307,66.51291484194329,0,1261.4259203371844
434,2022-03-11,195.07071156288083,191.64391431067943,74.50615844081884,0,1267.2983087348064
435,2022-03-12,152.22284341259325,214.12899752441498,62.60946142333283,0,1264.3388156485369
436,2022-03-13,198.85846636713876,187.56544369082263,67.37054808656664,0,1227.4001224226065
437,2022-03-14,108.59695625355326,280.36727880099966,86.52094342883012,0,1225.608392765482
438,2022-03-15,98.89852681934536,224.54874758191255,61.26471525523565,0,1234.5806293612818
439,2022-03-16,148.33356903310144,236.74388930249086,37.868457985226414,0,1239.521595671612
440,2022-03-17,161.52196346817922,233.14406343337063,104.99167808410841,0,1260.7609632827434
441,2022-03-18,149.0191575571772,258.67369287426624,97.62908157380973,0,1246.4037641589493
442,2022-03-19,87.9767369988037,209.05107793518533,44.154746097887625,0,1112.3965658851596
443,2022-03-20,147.32639881461634,135.15840260220767,83.79415610490389,1,1345.2999388875699
444,2022-03-21,110.86591498485441,219.9843975876321,59.94050458897314,0,1170.5236059847866
445,2022-03-22,170.09017646490116,167.43215531040855,75.26974430662119,0,1250.5082696108384
446,2022-03-23,160.99794738290544,173.56916591251215,75.88448258026988,0,1181.3545644755757
447,2022-03-24,121.80360641017934,229.31820093775465,65.31184399367356,1,1268.277645555007
448,2022-03-25,134.5839924798992,261.91415357168177,54.32468668827207,0,1267.0757978657255
449,2022-03-26,118.22359434333146,201.0635788368031,56.18917895367481,0,1179.3614351163724
450,2022-03-27,148.11962708180485,215.44165062994819,51.67616169037515,0,1266.6856188901406
451,2022-03-28,178.65426961503715,285.1107472317619,53.363555835391104,0,1272.5132851798885
452,2022-03-29,120.42821860993368,212.0376589744284,68.65643419901289,0,1142.513869953329
453,2022-03-30,165.12139546553533,330.08415570901974,55.68480021778497,0,1302.0456302137497
454,2022-03-31,134.09227144882678,228.2754822815772,83.64104131425239,1,1301.6063548634822
455,2022-04-01,126.21381503212967,111.96186204220912,99.74492310671855,0,1200.7120226716477
456,2022-04-02,146.78908920136325,237.66708105522662,58.39893517259914,0,1230.5253265786537
457,2022-04-03,118.94273032741879,219.05791924413887,74.78809001070753,0,1153.3241772645158
458,2022-04-04,133.39052083958455,264.4876377041373,79.99370220605867,0,1233.6643955531545
459,2022-04-05,114.06366322233455,233.65906756349793,79.4400454183855,1,1365.9360868396452
460,2022-04-06,208.94175398749167,193.0772008008113,71.51910535832175,0,1295.958329054833
461,2022-04-07,151.05790655915186,138.78508818553172,84.85364836719445,0,1207.9386300980864
462,2022-04-08,129.00823476022242,189.54883713569873,79.64497905361314,0,1234.0621837703616
463,2022-04-09,156.41939732202667,157.473977289535,45.24675155345405,0,1219.0309947756714
464,2022-04-10,146.6301585092751,170.97382750976385,87.38312128778546,0,1221.684957927645
465,2022-04-11,143.37091201400332,229.42892022103047,87.74581674533485,0,1196.9999962646064
466,2022-04-12,168.42500100130275,283.4952252175703,54.73427791642837,0,1271.4358649235473
467,2022-04-13,172.72523130141914,219.73357649114905,70.75875670895203,1,1383.860358083063
468,2022-04-14,134.08496557168417,140.2058468982408,83.66657985622139,0,1167.7981710494003
469,2022-04-15,132.7254527806596,222.23013341100705,65.81372360841277,1,1355.292112163053
470,2022-04-16,141.7484490854507,259.83157433228257,91.45956095532023,0,1235.2386528518457
471,2022-04-17,80.94236505793245,169.5108547840309,117.27744989238721,0,1128.618026125463
472,2022-04-18,104.54426813404343,193.2991416663541,54.28027934730035,0,1203.3190288110172
473,2022-04-19,191.00622802333572,200.73440973645987,42.3791079369245,0,1251.0985454595104
474,2022-04-20,199.34903140503852,160.755084345888,76.07637191209751,0,1285.5762777158077
475,2022-04-21,142.52891881330865,232.41402169219296,84.43125010252287,0,1220.386616373715
476,2022-04-22,167.296708891673,193.9525925696109,65.38267252310462,0,1236.76423686128
477,2022-04-23,159.33750463630608,220.97662219535138,99.06521326642068,0,1260.2503400782243
478,2022-04-24,242.36642425365713,155.625391109895,43.227884005535024,0,1306.4265301154328
479,2022-04-25,183.5872473430373,178.1270849838295,83.85837246063222,0,1193.9310939167603
480,2022-04-26,146.162472255577,236.11906789138857,57.882783584822135,0,1194.9374371371264
481,2022-04-27,121.33378678198723,181.35834239541165,104.38755812414593,0,1224.5011006691643
482,2022-04-28,101.80661039227283,286.34819256167026,109.85030706336237,0,1205.7170319064
483,2022-04-29,156.1039090760167,180.01819071926988,54.666868244333045,0,1205.3308008575216
484,2022-04-30,127.30947764147089,211.23423628759429,59.0088572818284,1,1261.7242995263907
485,2022-05-01,107.33238871206977,246.6295415936545,87.19175773959604,0,1166.36751309981
486,2022-05-02,130.6028134727242,129.08171335334842,62.257387004209704,0,1121.124845680712
487,2022-05-03,117.55355989156814,111.95955940096121,69.09177564135524,0,1161.9213612790818
488,2022-05-04,200.61424905217694,123.71718427149526,70.5077684108482,0,1233.8778305983637
489,2022-05-05,176.4491927084835,263.1292051713591,31.606536876046874,0,1232.7116249055412
490,2022-05-06,149.76082076050147,172.40709270537766,69.72324507811526,0,1213.3838948326993
491,2022-05-07,194.39832416670077,327.9099642834126,56.20544451871652,1,1414.93152128105
492,2022-05-08,152.32104922942855,171.78762006713058,60.13754355200456,0,1278.6807819262672
493,2022-05-09,124.1614739601521,209.22756515985185,98.87264006937627,0,1161.3477689350864
494,2022-05-10,195.69372231808973,277.1054976283938,44.86986211441487,0,1322.5807753285064
495,2022-05-11,166.16730131053976,300.3046444079562,86.26410373495955,0,1302.7045622103706
496,2022-05-12,118.88261537020631,303.0751788318199,64.42074139336383,0,1199.316535117124
497,2022-05-13,144.28983965749177,260.4183115296571,64.40479663008331,0,1241.3933710799865
498,2022-05-14,123.7314523984573,251.20312629057312,85.80743792103422,0,1202.5248803897077
499,2022-05-15,108.51600807106992,229.62634746005915,76.8010258913778,1,1298.3347748999254
500,2022-05-16,177.78532642594925,238.91805380833188,81.41225994439063,0,1311.0171249594637
501,2022-05-17,207.28249921410392,172.44071418357333,89.36369321065722,0,1295.0556390902466
502,2022-05-18,108.04297278542576,159.09005582888466,63.37383233633354,0,1183.703007198361
503,2022-05-19,166.88907710071712,199.8312771294524,57.755265309844994,0,1225.4802337028825
504,2022-05-20,130.48072292634518,191.49076887375358,48.29698946884404,0,1153.06565153451
505,2022-05-21,135.38623848705913,177.33859753363623,53.4917894004209,0,1193.032129311022
506,2022-05-22,132.22818227283392,234.81937237283577,128.9818885061745,0,1264.6686163318368
507,2022-05-23,124.08027690960552,247.76526042852555,94.89359161473573,0,1171.573537663421
508,2022-05-24,151.4556488383448,204.42034431459237,42.978512675839575,0,1189.7247736225895
509,2022-05-25,125.07149650766887,273.8765040527631,43.5508408651286,1,1319.7326479835456
510,2022-05-26,158.11370477339517,142.91554429332476,79.63732123436984,0,1187.3761887628486
511,2022-05-27,148.4928567165259,190.31702703601408,80.94529594755934,1,1298.0013206033857
512,2022-05-28,142.8315585940077,164.15888396985974,80.9776767063473,1,1295.5668016743898
513,2022-05-29,122.77309013875207,106.673169146347,64.90088412892604,0,1126.7866955827367
514,2022-05-30,132.69686008295002,195.86596570786503,67.49091479994199,0,1175.7311773688066
515,2022-05-31,172.6617367747727,193.91262458083582,76.55759048318714,0,1267.24987974928
516,2022-06-01,165.0275156287314,275.67248716210656,71.71786012586661,0,1222.8517403356075
517,2022-06-02,120.67334265604347,231.54058422773886,25.6139925450493,0,1147.32215239853
518,2022-06-03,152.97996916287678,148.79065878353975,65.40400738849613,0,1191.7972188896213
519,2022-06-04,172.54161370115366,292.70462831670943,52.97187131479373,1,1392.9060415344206
520,2022-06-05,99.91784156635885,261.0516847762676,73.50422837817024,0,1187.0265384349666
521,2022-06-06,166.30080577139805,229.10488517343077,129.70518005206821,0,1247.0358749903723
522,2022-06-07,130.1212872316246,188.6757950575084,77.34963330948608,0,1203.5247163362426
523,2022-06-08,167.1179600577948,152.028038163826,63.72940627655204,1,1273.1010297764635
524,2022-06-09,127.1022253037245,181.38966119644735,88.43603003954505,0,1214.0474992838188
525,2022-06-10,95.85353698006443,254.4374309852093,79.65375774418425,1,1299.6185687665734
526,2022-06-11,101.17372686350512,294.2293152967304,78.40188980903683,0,1192.84364519146
527,2022-06-12,151.44254839984146,277.1621764136095,82.13701186431342,0,1281.1963390506794
528,2022-06-13,157.79167505164446,175.5575289106863,111.13087129659083,0,1198.8602250155775
529,2022-06-14,122.87050124686775,144.01912833554945,47.38223129348169,0,1209.389955803836
530,2022-06-15,169.15777376332122,207.0443123455602,79.47264153622909,0,1251.8004057420926
531,2022-06-16,100.1543981319312,111.57803172185741,51.47237740036923,0,1133.825705432217
532,2022-06-17,148.0176060405805,216.15838570923907,81.11025292684496,0,1228.4909632776717
533,2022-06-18,113.66951400712631,192.61987068506656,51.626269770278114,0,1178.5627861923736
534,2022-06-19,130.44491676593523,176.6981749065879,61.652663727898315,0,1232.3933888760228
535,2022-06-20,151.42196013949243,120.26484663666022,64.09820171524187,1,1268.0206806494084
536,2022-06-21,124.18759904148143,225.68000532848583,89.51633438689419,0,1186.9192903430082
537,2022-06-22,138.46333367310524,173.36495801690444,88.36908887884827,0,1239.2357256161208
538,2022-06-23,180.1887842764332,141.50415821448559,45.08565247107231,0,1213.7911141794773
539,2022-06-24,132.69324391430553,56.386889335917544,71.09868221999697,0,1190.8450394790282
540,2022-06-25,175.07076336195425,198.6242547474682,55.80840290501655,0,1296.8027998574594
541,2022-06-26,116.10879436027146,288.6125798334872,44.82990178649331,0,1199.6046978593672
542,2022-06-27,165.8941253374585,283.0629607273935,65.65965899151259,0,1284.3858151512381
543,2022-06-28,193.247058619737,177.1451871706864,63.830344230883604,0,1224.545915176924
544,2022-06-29,75.85066499618132,169.88939698191098,118.53432972691044,0,1173.166348978171
545,2022-06-30,126.09314233588569,223.43871280375117,78.65919650721392,0,1214.8393150580569
546,2022-07-01,167.3121638154162,150.08072804058543,42.44764998491526,0,1235.0170606893814
547,2022-07-02,143.9086384187102,215.0895949909733,58.704519916581155,0,1200.8092587382569
548,2022-07-03,161.13437620113928,238.3040139192345,90.42766590858797,0,1200.878611091612
549,2022-07-04,131.88044439852538,261.34666119421536,111.7688554573985,0,1247.7357757907548
550,2022-07-05,152.597693624187,194.99229617600236,38.28033375524083,0,1156.8493546536522
551,2022-07-06,145.32968293823762,189.8163124911517,32.4015122972191,1,1299.2343643777508
552,2022-07-07,185.0334618497942,156.10087066217196,107.41930350743564,0,1281.583039742532
553,2022-07-08,157.6326252990364,158.655982298007,77.79228354741808,0,1226.544808774113
554,2022-07-09,160.12807986225607,188.67605540492366,52.63414536247267,0,1285.7080048999221
555,2022-07-10,137.643691016326,218.3682753408089,80.69258172244871,0,1250.0459645405117
556,2022-07-11,135.3718132778252,245.67923131166248,20.0,0,1193.4586310215566
557,2022-07-12,137.02325436541136,159.84105246598276,70.06751013194322,0,1199.8084735271377
558,2022-07-13,161.8335642713489,274.6344284479761,76.55642345686171,0,1258.114056420781
559,2022-07-14,137.3704655753921,186.44381994787156,88.4854027907566,0,1163.535389217521
560,2022-07-15,158.69324570689238,198.93163528257818,49.72208095414925,0,1200.105184987965
561,2022-07-16,212.26202395936315,162.63941604260884,71.71374322806719,0,1258.5737702083634
562,2022-07-17,176.13374110295078,78.78798698635292,51.49150747880825,0,1148.9818236089402
563,2022-07-18,140.21929403496478,244.20226981805249,75.10767511348634,0,1229.926314050627
564,2022-07-19,186.03641766491836,236.84219485462165,52.09307355273952,0,1260.0355354922617
565,2022-07-20,137.75773880935347,185.93362214408933,61.837983216795585,0,1155.718605056592
566,2022-07-21,88.85626394466439,203.3495358612436,50.08369210419542,0,1172.0042490821966
567,2022-07-22,119.75741067247787,225.79696088520498,83.02272483647315,0,1225.577226246063
568,2022-07-23,93.87624236922433,121.87270715567287,87.16902233313331,0,1154.6828933484996
569,2022-07-24,139.45459547876075,173.54736613268526,65.30758860085173,0,1194.8582777824672
570,2022-07-25,150.55255137568656,239.71323398109135,70.76475989920057,0,1254.3627381024098
571,2022-07-26,200.2931193682585,137.28552884153754,41.02817170732912,0,1270.0910231764865
572,2022-07-27,159.8078212129249,214.67789660833145,64.00646703986426,0,1246.234590694988
573,2022-07-28,143.42698413573407,132.17090976882974,68.9959076591651,0,1172.139071085173
574,2022-07-29,174.88216743550467,223.3214991216763,122.4158618205995,0,1274.6598125014627
575,2022-07-30,83.66594072976345,198.21792588512582,47.76065948451673,0,1188.547869916969
576,2022-07-31,157.06843674325697,119.24340920472453,99.28354477504875,0,1194.7992967013322
577,2022-08-01,173.125955816609,258.2369677228586,89.93717546931616,0,1331.5226614013027
578,2022-08-02,105.64241262660475,163.27042116009756,75.61272808980273,0,1153.9771565730327
579,2022-08-03,184.31262129620788,159.48737814928094,105.17240968390267,0,1254.165527077977
580,2022-08-04,160.15489222483242,210.02845986154713,77.44210945213726,0,1218.4772841935337
581,2022-08-05,137.54136258297595,257.43186747143574,77.78318391335857,0,1237.0256846846862
582,2022-08-06,168.98345598318855,149.20890905108016,68.9375869396491,1,1275.2669953073841
583,2022-08-07,218.12078573413186,203.08399249239858,94.47137764837255,0,1281.5590050470244
584,2022-08-08,155.45598765175487,221.44082501652866,91.92938467621767,1,1307.5104760815
585,2022-08-09,157.4466175890101,234.6552803631572,57.48645425007575,0,1243.4006429847411
586,2022-08-10,136.21917301379267,208.82207776386127,43.61505610802465,0,1237.422228829823
587,2022-08-11,124.50466891605625,181.6486080458339,65.94038725208686,0,1211.5675143936603
588,2022-08-12,174.91007449632735,158.62048896756403,53.99922871204707,0,1162.1462861032392
589,2022-08-13,124.31748522273398,204.30719415231874,68.7295085076929,0,1260.6176347578046
590,2022-08-14,152.14698711658178,146.39304940071966,94.74876269368278,0,1223.8730526941602
591,2022-08-15,135.6702765970465,53.93247582526962,60.853966898264204,0,1140.7258385094901
592,2022-08-16,164.36939477239176,221.8279902078834,69.14353237376851,1,1349.4603358792388
593,2022-08-17,160.00986315860845,245.19674205430977,71.1604546961679,0,1253.0866713892156
594,2022-08-18,181.12619832773697,81.85337822290808,86.96861764410569,0,1203.0704738148836
595,2022-08-19,134.6995080343576,149.5134647645031,25.062213320307897,0,1190.5034901480324
596,2022-08-20,141.90375194119886,230.95771305025988,57.86599410469407,0,1204.5400960486063
597,2022-08-21,120.63708852653077,302.8747734855849,74.22567384558945,0,1214.2137955606236
598,2022-08-22,136.67120219771664,201.0396853837704,94.00157912853723,0,1195.1950495659025
599,2022-08-23,161.31901479134558,163.59985293854328,60.161951049875896,0,1179.4512221906941
600,2022-08-24,172.70965849936056,190.855177944758,32.46894587916252,0,1240.835095165082
601,2022-08-25,122.33504027467123,268.74382095740924,82.39422891932273,0,1236.9960154412486
602,2022-08-26,176.0881776031698,167.70179104377323,57.29275222348741,1,1353.3037732432904
603,2022-08-27,190.66913576414854,160.04039966748732,46.20666681819277,0,1272.5203466070905
604,2022-08-28,162.40304709671102,175.86282389089837,57.51309220573552,1,1336.3947190055737
605,2022-08-29,206.303874376742,152.33356958706437,66.309492846883,0,1249.2840788757308
606,2022-08-30,126.78632402689281,206.13351579973977,57.905106709235746,0,1225.3973160415976
607,2022-08-31,112.66035890065749,281.233922923478,25.888678858018615,0,1161.4827453540465
608,2022-09-01,96.63839253287165,216.15396365580145,87.94132393774265,0,1152.052704941786
609,2022-09-02,194.8813293446755,187.38232489368562,95.49750082557445,0,1241.2695248351988
610,2022-09-03,169.63096969062173,185.4094365542228,83.03043982679011,0,1274.2615703964257
611,2022-09-04,148.33245987268634,121.84045956516715,47.24628659150367,0,1222.6175104847393
612,2022-09-05,158.39905878959462,244.15548885735797,65.97016932104964,0,1259.4588964223615
613,2022-09-06,116.2353285810487,196.1081401493599,69.86957369541084,0,1221.1995813212927
614,2022-09-07,223.37255938850478,190.97600432046872,81.97588779123821,0,1270.6820547705333
615,2022-09-08,153.87663545925682,359.65537839224305,83.36680977436161,0,1288.9044645276313
616,2022-09-09,153.28184383814678,214.93764541828432,55.31652402443008,0,1225.0712094170233
617,2022-09-10,171.77299871696076,162.4104474952408,71.63991112827121,0,1260.2305783077347
618,2022-09-11,164.4302769521014,178.68212018972284,79.14560809230483,0,1230.4073076509133
619,2022-09-12,156.71652072837395,257.4222854598377,99.11644644293533,1,1342.21820900261
620,2022-09-13,126.28576633664065,205.66352052688822,84.09013079649446,0,1221.0301042108356
621,2022-09-14,164.14405071407987,128.08610108413166,85.78113374751038,0,1246.0111828045585
622,2022-09-15,206.460734894251,245.96144672876017,71.67653255858721,0,1274.5341195791923
623,2022-09-16,190.36260138464934,166.5927957230503,98.20918290407008,0,1258.150006541807
624,2022-09-17,197.7955987991819,293.6648888108773,78.19525591918995,0,1269.7808976170336
625,2022-09-18,134.66352970706444,254.00240328573244,52.77824179652859,0,1146.4780685273017
626,2022-09-19,120.31185539224258,177.63390521706245,98.06739940250381,0,1199.2292957802738
627,2022-09-20,146.22639239701056,264.0508180867556,83.95806545078055,0,1260.5004116008324
628,2022-09-21,151.67174736866085,203.39277552637017,61.13911957743035,0,1232.7794082146597
629,2022-09-22,182.82574555412845,242.63868375611096,60.41014065201513,0,1209.2125272787337
630,2022-09-23,99.22606110855543,224.23664086472374,75.93151090281523,0,1171.1578726462412
631,2022-09-24,195.8865095838184,157.68216725045633,79.2636959053517,1,1292.4934661384932
632,2022-09-25,145.2597630426303,167.8225083841269,73.94584531262413,0,1251.4867178500187
633,2022-09-26,137.1935679015774,251.49804087905807,76.2261734688577,0,1195.3065773955238
634,2022-09-27,119.63686874219498,183.26123339467296,103.99914749152761,0,1233.0771765426994
635,2022-09-28,100.35429984402691,179.81757683790016,91.43086304469772,0,1200.9618348148608
636,2022-09-29,174.69511751885744,152.24387103253235,73.81271182530048,1,1308.1131106175956
637,2022-09-30,152.1995390156521,221.17995327967304,88.82621161534966,0,1202.3352187845917
638,2022-10-01,111.30117300776838,303.1262459621572,49.34952192944921,1,1322.6200576738956
639,2022-10-02,111.14763683809151,146.62335428728636,77.95854099893617,0,1145.3966302085728
640,2022-10-03,139.92645902129615,201.2109728336379,106.1861269946622,0,1224.601515535066
641,2022-10-04,200.0706457586818,270.61102777077144,65.63908209215252,0,1279.8969427841362
642,2022-10-05,142.21225945909185,196.01793043771426,53.0473214276183,0,1158.192350441961
643,2022-10-06,104.90571140645682,222.6185898124867,56.95822222813879,1,1216.1688922220967
644,2022-10-07,142.62770807742166,146.880323592656,48.207339253152234,0,1203.1338004606869
645,2022-10-08,141.81829290756988,221.41535486038242,54.30476183744593,0,1202.2571193432552
646,2022-10-09,69.09340071175285,190.64278674977257,62.58983802819942,0,1122.2115098349004
647,2022-10-10,148.37115400446564,249.28649978399315,41.88865961642716,0,1252.4107510357626
648,2022-10-11,143.07196409373967,259.3693025782376,70.31236667899206,0,1270.1484965019827
649,2022-10-12,170.88619094440256,329.47818210093067,88.04554347573294,0,1279.1624126289744
650,2022-10-13,205.46868284836034,228.9816586606788,51.8448763970616,0,1274.3141945186806
651,2022-10-14,183.79695088643274,216.28981582910833,100.38567847283538,0,1283.765322323149
652,2022-10-15,141.93333928335508,209.7192150788668,80.21584177055189,1,1280.1842050701382
653,2022-10-16,116.80422273774988,182.34168535946557,90.61161171248115,0,1196.3236423305166
654,2022-10-17,227.20079409749582,216.92419217308455,56.84330892295726,0,1320.2032926886773
655,2022-10-18,151.77655302043465,185.22992949304853,87.09050454133231,0,1245.1705390291447
656,2022-10-19,150.4178787573884,208.4230488134807,48.16132199209374,0,1164.4744767247773
657,2022-10-20,149.2762473866999,265.879876780398,87.80495001673017,0,1223.760542329897
658,2022-10-21,155.94254282303564,149.67287173601795,73.43678679587063,0,1189.183864118311
659,2022-10-22,145.6691876422817,256.99392805645226,81.06502439969567,0,1241.9769795714328
660,2022-10-23,132.7901397935929,265.85575336699327,46.48810788750296,1,1336.266824774231
661,2022-10-24,133.59423176278824,194.09657365044606,52.09860315446791,0,1247.144236712195
662,2022-10-25,149.01740189352006,93.90725504957027,81.94456436506769,0,1178.7295268703624
663,2022-10-26,133.69725686598704,169.60890064527837,51.033039915515985,0,1179.8593600933973
664,2022-10-27,128.61462651968506,264.84972732805545,79.26412584198246,0,1258.4125304528607
665,2022-10-28,153.1929068307569,198.8565968850559,42.657243870795085,0,1230.2786428263416
666,2022-10-29,142.35068347737433,150.03488838525448,86.96348425333336,1,1342.7833921792565
667,2022-10-30,195.11978965748065,174.76125393858914,45.34953370462982,1,1365.2799126702785
668,2022-10-31,70.47090574820965,242.03100132522763,81.04599875359047,1,1224.575907335098
669,2022-11-01,182.74520555767384,227.33667841006897,82.51261867292001,1,1327.4548821719445
670,2022-11-02,187.38255577492887,188.05339504151527,56.064563631408504,0,1208.4661195418976
671,2022-11-03,87.79829302775552,181.65877940926563,81.64053134169454,0,1178.4855881616284
672,2022-11-04,139.71937217758955,180.4120925478089,75.20884526667112,0,1244.5426736878767
673,2022-11-05,138.85677402012627,153.87949077507488,59.22316287614524,0,1252.3461180694692
674,2022-11-06,107.77464915846537,280.7687844734721,49.82890631847584,0,1227.2642257338994
675,2022-11-07,126.66549937227374,183.883976539433,30.74748616654842,0,1222.8653468934626
676,2022-11-08,116.68272463602514,260.8579260412748,76.99300094599387,0,1192.9382126579958
677,2022-11-09,202.5681133027087,276.0658025961226,38.7039445727589,0,1258.4361684937817
678,2022-11-10,178.07035179442383,249.91554490739802,71.90688398882617,0,1292.928772036935
679,2022-11-11,188.14665284982476,178.41898436409758,64.73103567835501,0,1267.1489778619073
680,2022-11-12,171.65016192129707,220.18650451683047,83.58285550876391,0,1257.6460156083256
681,2022-11-13,116.12844686348312,198.7902196804542,63.959090010202715,0,1200.1784751886496
682,2022-11-14,134.2643920116068,154.8149069634936,63.411044273058174,0,1203.0866374290126
683,2022-11-15,164.68123683683754,216.21796408608014,84.63741408576591,0,1284.9886146754213
684,2022-11-16,113.33616573324164,141.04801044200988,76.70116058168234,0,1209.8403685266899
685,2022-11-17,171.38995290517164,259.38396942307816,76.32311914365556,0,1280.7963781310368
686,2022-11-18,142.79023805525594,176.76913513508035,79.38535179617053,0,1237.0721351319019
687,2022-11-19,138.75537577351207,210.05798279364197,39.28855753585788,0,1225.0523586915194
688,2022-11-20,171.32879904610473,214.1643935773071,85.13577359973964,0,1238.7701798782061
689,2022-11-21,163.3278993445812,187.05475131479614,82.24937588027204,0,1258.5911401624687
690,2022-11-22,139.1710150254276,229.33469007376374,49.66633742847006,0,1176.0698374674728
691,2022-11-23,184.77989410092744,176.25481716887379,65.11839052651598,0,1282.2967639257693
692,2022-11-24,117.56810017200308,243.56486487286222,69.21385424744737,0,1168.6446422903703
693,2022-11-25,168.4780682083279,132.70101598766257,67.31006431196535,0,1230.3244844708618
694,2022-11-26,167.7930377390515,206.3189789773206,76.67719933137069,0,1219.669552545737
695,2022-11-27,140.71360682058028,296.94644995291424,98.62733563662367,0,1266.124678426012
696,2022-11-28,159.78399066726354,149.98343376972127,91.63533455345657,0,1222.0883309310339
697,2022-11-29,112.46659270844091,166.11275147375744,43.75561613137187,0,1123.2088626319423
698,2022-11-30,177.72081057620704,225.69539248294575,82.44139980612097,0,1274.5386972128692
699,2022-12-01,144.45293590671034,208.9790890969799,96.5786663907082,0,1209.1247726089646
700,2022-12-02,134.3183093844288,217.53150496367795,77.73617041378405,0,1241.5593965806902
701,2022-12-03,181.47027677510667,224.45935650738318,91.81960850371934,0,1267.2117760900978
702,2022-12-04,128.8696892837172,231.7360734280885,110.2454089140153,0,1232.302222656588
703,2022-12-05,107.74616110909321,255.48499209781116,90.47419092213963,0,1173.759428272408
704,2022-12-06,103.30112479428288,220.49093284642564,74.98617191283458,0,1166.7656720879568
705,2022-12-07,168.1802985403692,187.93711726907287,90.90176948169507,0,1228.9826285343977
706,2022-12-08,111.58711942511151,233.62868506013655,72.89775666193782,0,1221.9563506828167
707,2022-12-09,202.64382545953094,294.9940967447608,70.4780608656991,1,1455.5589792902638
708,2022-12-10,87.54211776348833,193.36831268087133,62.97171528572535,0,1133.9918020726084
709,2022-12-11,200.89369104870116,151.27353476646792,101.26826717664215,0,1298.8348492537004
710,2022-12-12,156.33052401607856,255.35403346434865,53.63142668115997,0,1178.572696859844
711,2022-12-13,147.09860664388822,193.98094180232007,100.64735449356232,0,1189.596678050528
712,2022-12-14,133.6524273957315,91.36652269929819,79.99728247480743,0,1148.2984870148794
713,2022-12-15,161.97408343056213,242.37108385752109,42.01387650396117,0,1202.5129232053891
714,2022-12-16,148.87095892725455,173.23359070230387,77.35298585982844,0,1168.803981616284
715,2022-12-17,183.09905646049566,195.47333588479196,27.99946984696752,1,1359.7309185594606
716,2022-12-18,153.42682945986118,216.59901652845073,82.51016033662071,0,1228.4865355538846
717,2022-12-19,154.50905284385632,209.52498398895332,87.70462965977981,0,1246.2896359006515
718,2022-12-20,139.09163363358434,235.47259085695197,58.152880886958926,1,1342.078167651707
719,2022-12-21,148.29163128836797,178.22568147150784,72.47095391911165,0,1224.2220363088188
720,2022-12-22,159.2340530667618,225.65528990880415,109.08314867500573,1,1368.4801650589154
721,2022-12-23,98.69494822030123,187.02266612080413,59.88506591476127,0,1164.6927926522267
722,2022-12-24,109.55443733682861,236.94052404437514,48.82184825886799,0,1154.7911625527424
723,2022-12-25,172.29792282068144,230.76837420065266,99.63326804925197,0,1293.1895141153514
724,2022-12-26,155.12596314383825,153.22806489777022,109.25174381061589,0,1205.2713673918588
725,2022-12-27,144.48049990941962,254.29910580875162,70.07391343695694,1,1306.7171253765637
726,2022-12-28,150.55301799196178,173.2018277442976,90.22926070816712,0,1215.2218821827526
727,2022-12-29,160.42745116085013,240.40288991405725,96.82951831061763,0,1224.5298942182956
728,2022-12-30,133.80720959071914,218.36436567006703,55.150315349232315,0,1197.8236709019027
729,2022-12-31,126.65085823793062,291.9091838397561,60.29388329264263,0,1236.6040076952902
730,2023-01-01,155.87535765293046,188.8267008814074,94.6174902630947,0,1241.8971181473555
731,2023-01-02,120.64881667154904,182.53416019409013,103.70028557417018,0,1169.2142198518413
732,2023-01-03,162.24758267143415,199.02901970561336,81.2576172034871,0,1223.5766508353533
733,2023-01-04,98.92249187286478,184.84101085828624,52.403712929958914,0,1197.0855278594497
734,2023-01-05,180.8746691197693,239.9970950971025,109.74122223398882,0,1289.7140456277161
735,2023-01-06,164.17792447239128,119.1844695781706,59.38058204376071,0,1274.0613329350506
736,2023-01-07,157.68089202941627,147.3158790426823,63.297244376570966,0,1249.938949829781
737,2023-01-08,179.48072951836542,146.60985392104035,76.84675668979243,0,1273.1618290894344
738,2023-01-09,199.9642333338773,247.51537959867878,101.08320841429548,0,1252.7994323826658
739,2023-01-10,180.4311019505439,285.5306686290963,87.07951953104447,0,1306.4220169944845
740,2023-01-11,94.77377306005064,194.77753907312643,78.29731000723821,0,1167.2732927325287
741,2023-01-12,111.61269099792895,191.55891384049946,79.26577060236212,0,1168.4040651644036
742,2023-01-13,131.25544266912965,203.50260815565906,70.87029337286933,0,1211.520744006377
743,2023-01-14,150.782731506325,258.0939151304095,81.16279029037013,0,1272.7998101418666
744,2023-01-15,165.5297706140737,153.63234329047128,20.0,0,1230.6444213313414
745,2023-01-16,128.22768560539603,211.91844913673927,64.06785081860403,0,1178.262576469877
746,2023-01-17,155.60300293431234,248.75988148912148,74.82643869833562,0,1267.4700225284946
747,2023-01-18,127.33851202940032,225.05470849699225,46.97971832760986,0,1185.123241981741
748,2023-01-19,131.65446591024156,209.47908082993717,77.7264663562312,1,1316.5439769993973
749,2023-01-20,107.80016709455333,250.05230462835706,65.91057558027757,0,1186.8974715748018
750,2023-01-21,122.30300261667287,64.83838535003815,105.1095139663098,0,1156.2104334628777
751,2023-01-22,109.44946183150999,233.89376597654538,101.46039450429713,1,1322.8969597765483
752,2023-01-23,120.72380241068002,167.2962158436288,60.68388861763674,0,1151.843633292819
753,2023-01-24,181.60925389823518,108.46835515717716,66.9832457686661,0,1285.9022618274298
754,2023-01-25,121.51803333504171,225.56012997624904,68.52104868783215,0,1148.257699986648
755,2023-01-26,228.97146194512172,268.68292725814786,60.966810476807545,0,1303.8396717202818
756,2023-01-27,164.79953702642666,193.1275742686154,73.90049968056253,1,1348.624265941376
757,2023-01-28,155.54508371084623,247.64372736014695,54.834358622248196,1,1358.3344986363993
758,2023-01-29,124.2492665945636,280.6139128994323,47.38769330124947,0,1214.896707507492
759,2023-01-30,171.00929638226975,265.74572267920234,82.45422447800537,0,1265.5021369915853
760,2023-01-31,132.73086521286677,281.99822646856967,82.59059168443622,1,1346.1649540501535
761,2023-02-01,153.66029443936085,237.1063745535946,53.91368480680015,0,1228.6428594430688
762,2023-02-02,226.80253614806384,203.77168194507965,87.90710861525199,0,1347.3109001926853
763,2023-02-03,147.1182030082605,119.90170940514157,57.368445416693376,1,1319.7428783400899
764,2023-02-04,184.47819978857027,187.69687559350257,75.06330476075962,0,1281.984653948942
765,2023-02-05,128.90470724622338,157.8376702341904,86.40688025224912,0,1164.5526826658177
766,2023-02-06,148.95034528509115,308.54713587489067,69.32774870592574,0,1252.9983830565723
767,2023-02-07,203.1240190690653,191.20570937838318,79.09481824282268,1,1367.2907170695237
768,2023-02-08,131.190988266367,206.1602403392243,59.67140712224857,0,1174.8053005218999
769,2023-02-09,204.37345673990785,227.57426880202337,66.07066833143806,0,1296.6647965651755
770,2023-02-10,171.23255806366427,202.1801223186227,65.88281138239319,0,1228.9337843023352
771,2023-02-11,133.12599672317197,284.75255202153767,55.06843306919522,0,1249.2275638389794
772,2023-02-12,168.97223217166564,168.8675319132774,66.46451673768436,0,1200.8196482063556
773,2023-02-13,179.17663348880188,209.73037276186213,39.02763402272507,0,1301.4724905071603
774,2023-02-14,168.6542988665159,162.87647071509758,60.1769250571579,0,1202.6626453347149
775,2023-02-15,102.89325840328631,133.99887443896472,64.30249013260658,0,1162.5324888775103
776,2023-02-16,128.18588472525394,169.41154545473574,64.8764049500924,1,1315.7404086633353
777,2023-02-17,142.57444093345487,198.1481601475794,65.17005108258442,0,1197.933686288242
778,2023-02-18,147.7669971269986,178.53488877413702,68.76471600279743,1,1340.6544662627875
779,2023-02-19,168.62016292652035,165.3789510063072,79.58883036172128,0,1197.2761063667444
780,2023-02-20,155.33103002799763,129.6841268164083,87.49034148265045,0,1255.2978673449272
781,2023-02-21,109.93966923869696,195.84472136856527,57.00469546303466,0,1180.5185026908462
782,2023-02-22,161.4059355301789,124.76398129844989,45.93598289221711,0,1190.1299842590909
783,2023-02-23,168.3175723585147,238.00279818448013,49.15911175513794,1,1340.5747809920633
784,2023-02-24,166.7937134379312,204.12198764672516,60.255941576101456,0,1264.3490761289506
785,2023-02-25,182.42342176663865,127.12242502675348,62.961573643669816,0,1215.6188052478856
786,2023-02-26,175.01766463646712,184.53954614750683,54.600078676050856,0,1218.818813533246
787,2023-02-27,163.7754023768531,162.39217972047084,44.07766671500211,0,1214.6624917084825
788,2023-02-28,147.89502865624058,215.95872552095904,60.877583450516234,0,1189.5492996195323
789,2023-03-01,100.17117199452025,267.0225223011572,73.62853240227943,0,1249.6199524035776
790,2023-03-02,162.88854657397758,106.24137651771277,81.90058931671129,0,1194.149239656192
791,2023-03-03,156.23063061489333,205.75130395737085,58.851538937833574,0,1254.6748331750832
792,2023-03-04,158.1473651158612,191.99336022166798,61.740043557131315,0,1234.377484403221
793,2023-03-05,111.69754272539072,233.56700382252328,51.466033823053785,0,1162.5248291222995
794,2023-03-06,117.56830378775213,210.65983141188445,69.37121659250447,0,1194.4618552534366
795,2023-03-07,181.5945855999871,162.40153341305904,53.03142731618371,0,1264.4414144664638
796,2023-03-08,148.81334538430036,184.0473032166691,81.462556264824,0,1214.6722075496766
797,2023-03-09,170.44502092117872,160.19870715982555,34.282670161317775,0,1261.154555476921
798,2023-03-10,150.84955128391383,253.80035692992993,62.80740655095075,0,1270.1966014565387
799,2023-03-11,150.89268418487237,201.06558243359711,76.02214678383484,0,1253.9842339114684
800,2023-03-12,178.14851417927994,295.05953428765037,73.67669032645009,1,1367.6120093626755
801,2023-03-13,134.51865815347878,196.96695930926896,123.86067327960993,0,1185.9856071687368
802,2023-03-14,152.8836233082295,164.57966165447687,76.99600049135815,0,1199.2490937419605
803,2023-03-15,136.1317413388487,124.31428036935864,49.91890806315979,1,1289.29703528229
804,2023-03-16,136.96511317703053,109.84301618720275,68.09071505821854,0,1199.9097624508058
805,2023-03-17,140.7248362959408,120.79320284972552,34.475073330670966,0,1118.7106696741791
806,2023-03-18,156.6640131490114,213.35633255057417,68.38800501406479,1,1334.1051178686441
807,2023-03-19,135.6375413500957,225.4362511614967,53.33887885998483,0,1218.6788692302373
808,2023-03-20,187.67268376720563,120.94046489839333,88.30780551120324,0,1233.2900566494977
809,2023-03-21,123.16178093341489,244.75191570380576,59.0091945080893,0,1247.1274097166508
810,2023-03-22,144.39385067515923,175.84694741582803,67.66468168409507,0,1223.3342734642526
811,2023-03-23,136.80806825177476,207.33965059927746,57.288843171911935,0,1249.773489308367
812,2023-03-24,193.409336530612,280.61103141277124,104.77702703706663,0,1292.0692357513499
813,2023-03-25,155.89664329534725,244.8419657932766,63.57514467764177,0,1270.1885867440662
814,2023-03-26,180.95533618405904,186.57346760470838,106.65114086958403,0,1307.309596475214
815,2023-03-27,105.43318880889083,155.44038872923562,86.28303524236533,1,1308.6727159543145
816,2023-03-28,158.01150797607778,92.40922993353476,79.64133454670772,0,1168.8982960626179
817,2023-03-29,176.6889238687031,164.042334037879,77.3746629463504,1,1333.7662743430656
818,2023-03-30,152.46851967826274,189.4434880586153,77.87594596432503,1,1314.5218141252185
819,2023-03-31,181.96441125196054,150.6410236424408,31.446548413087797,0,1248.1236640796003
820,2023-04-01,134.48134649698883,193.43715164538477,64.42233211698488,0,1225.9875650644374
821,2023-04-02,192.2804232055674,203.8425941479384,86.90315942368643,0,1245.6470531139141
822,2023-04-03,218.9669437085775,188.75720090959607,69.02205633051788,1,1391.4336706650681
823,2023-04-04,139.11484318681022,167.49987095882702,41.896203063928496,0,1137.14622512256
824,2023-04-05,136.63492435797684,208.43273359833637,68.9519109884506,0,1256.2134768092246
825,2023-04-06,193.60153431353103,222.09703247847045,104.08211032510982,0,1265.6758389017932
826,2023-04-07,197.38716437192136,145.4800461278577,94.93783431069438,0,1261.6946632677523
827,2023-04-08,134.31419918540195,270.54661898731354,68.75991981267937,0,1219.94067742449
828,2023-04-09,137.39439548712429,195.0705933857869,89.02898554116173,0,1248.1021978614951
829,2023-04-10,141.5464617341848,200.94248114724238,62.669859592638964,0,1129.237984754964
830,2023-04-11,109.66648466897169,235.41072116282785,35.92256826346562,0,1186.9759044007358
831,2023-04-12,122.44044160547405,211.66080656317507,51.51068023740891,1,1293.0662568969774
832,2023-04-13,119.87577699743797,247.65683169566225,101.25777537016396,0,1200.8152899524187
833,2023-04-14,126.96607304687615,214.35620826009122,64.52013836341392,1,1355.9637595666552
834,2023-04-15,148.95945337839657,169.37813126797812,65.13232041249964,0,1186.1794730756167
835,2023-04-16,157.0264419760956,218.07517626030508,64.00323607450238,0,1258.4035273861573
836,2023-04-17,196.5150147844223,142.8136896339669,108.08273179146013,0,1271.663251694087
837,2023-04-18,120.04937877783627,205.42798528882616,102.51917830724126,0,1240.0271876019979
838,2023-04-19,179.5296719542975,198.33850046777695,114.37560466896268,1,1341.890670485098
839,2023-04-20,143.58033467323474,189.594157136373,66.81909579199898,0,1191.8333339988337
840,2023-04-21,148.516088710427,193.57312442805346,75.9124897749419,1,1354.6526212181534
841,2023-04-22,170.2445847649981,105.90754772511805,39.66714901158418,0,1222.7099181347537
842,2023-04-23,116.31833935313105,172.56375461295193,99.53868852236549,0,1141.6470830411868
843,2023-04-24,161.4722923855215,204.64224505705573,46.6444089746413,0,1216.0146972636685
844,2023-04-25,154.99356624639168,207.99281959987002,74.33551127525259,0,1243.8499939968451
845,2023-04-26,164.77353792024448,148.61624295370208,48.053949447343115,0,1244.1021273422214
846,2023-04-27,158.67505931723454,263.28539204323505,58.22266346522608,1,1328.9282900274618
847,2023-04-28,223.65900419732682,156.69125758927495,53.254751379005995,0,1193.8896520554024
848,2023-04-29,130.86780047246052,248.47286002633683,57.84249478648364,0,1232.674853009769
849,2023-04-30,134.07009134994547,221.35971809358423,59.21754593702043,0,1175.7118952671055
850,2023-05-01,131.30578420725706,167.68863450780984,59.03462410149846,0,1132.8991354362274
851,2023-05-02,133.33568642519236,288.7655446304756,86.66667823560614,0,1152.328907711932
852,2023-05-03,130.87838618080445,140.318158412176,47.9027441387496,0,1206.9738083381394
853,2023-05-04,185.67049593322656,245.95770868050008,74.41082854027734,0,1278.198497757581
854,2023-05-05,192.61512743969564,250.02911590214893,94.35918304611117,0,1279.7260073981952
855,2023-05-06,132.8776111875157,166.46898954616776,59.73607270973208,0,1236.436253482195
856,2023-05-07,125.02933280687314,269.62326500321643,55.641622185047964,0,1236.1643772355399
857,2023-05-08,164.14246669159212,187.49767427005236,65.38950749639498,0,1281.9586717535442
858,2023-05-09,133.43330867157087,214.43468146399286,93.59450416721421,0,1174.7005497792015
859,2023-05-10,168.98795453266533,213.01609193856103,73.88215261906716,0,1246.632693919428
860,2023-05-11,156.08769062553898,193.2845629264726,59.375714107848026,0,1177.4468010766097
861,2023-05-12,104.52767655008304,240.54041365798912,79.67753302376079,0,1185.743837296568
862,2023-05-13,196.42515603990185,239.67443602761065,47.95415700327153,0,1270.459842635839
863,2023-05-14,203.87633019286565,112.57340133809096,83.62719020885896,0,1273.1721977539569
864,2023-05-15,131.61633928546843,265.2170121439076,78.17214615403535,0,1228.1827885937046
865,2023-05-16,138.36895320192048,116.87540059821629,63.84383057722232,0,1204.902553645227
866,2023-05-17,158.57596172174715,251.62731021708288,53.22828403105538,0,1265.81301558725
867,2023-05-18,160.03370369961075,256.3352568413792,52.266381554330856,0,1312.035417384385
868,2023-05-19,169.7563281801849,145.4516784892401,80.69634672691821,0,1220.0722014137568
869,2023-05-20,210.3061361629905,179.45928560227077,94.57961004978124,1,1354.8291628336365
870,2023-05-21,144.69158317517852,144.7147665757032,57.25384505942411,0,1206.9392906192666
871,2023-05-22,126.05108266384639,189.25394848556323,79.16773407102968,0,1174.592413209535
872,2023-05-23,108.62042315956418,184.59828579071294,28.259459627958627,0,1214.1106238754658
873,2023-05-24,128.0720988017424,238.983026613467,58.30764538685601,1,1302.9319946947967
874,2023-05-25,149.00619081378608,265.5154373059804,69.37882134258196,0,1225.569295237877
875,2023-05-26,203.83673590553363,269.7841905394978,51.80633166036333,1,1380.9937877649222
876,2023-05-27,134.47166102891487,171.8915986710849,51.26987250420808,0,1217.8456378352312
877,2023-05-28,156.71363854916694,189.5389063127736,56.64440887062227,0,1220.1717827201792
878,2023-05-29,149.50731311781743,115.82809038895249,75.84385456652747,0,1180.174506543897
879,2023-05-30,185.65179820344252,159.70649667519058,66.2534196318725,0,1296.77498866108
880,2023-05-31,225.80797277620866,248.24258165487288,25.235375333500556,1,1379.6427271195182
881,2023-06-01,134.07393681239037,280.7791411774116,27.585996947298675,0,1224.8918607760636
882,2023-06-02,135.31681672445333,138.2825564060039,57.86269644285649,0,1207.9433074831327
883,2023-06-03,181.32482631207216,170.3767870423553,79.15373172107104,0,1199.328555456481
884,2023-06-04,170.45674468878934,198.67971215205364,20.0,0,1248.4684733765832
885,2023-06-05,205.401219772081,214.00805794098034,60.00539647696739,0,1249.9514861853552
886,2023-06-06,167.51784555977892,159.51982400391768,59.475042869651574,0,1251.9522847599044
887,2023-06-07,139.22123727638822,221.20305222320448,97.76675556416896,1,1296.2559736986138
888,2023-06-08,167.71964492076927,176.3080326464542,62.299563765742725,0,1253.8550384233197
889,2023-06-09,183.26110741748724,199.27738645608605,77.65977969481857,0,1291.751271282118
890,2023-06-10,174.61446543592092,227.31421240018497,72.82514280174927,0,1283.2168534853104
891,2023-06-11,165.21822093321893,200.32111349054688,27.38867040385599,0,1238.331788508297
892,2023-06-12,182.00024068767462,178.18070547367157,85.36414433263475,0,1245.5882529084122
893,2023-06-13,185.0788677133702,194.51950980370844,74.30793010912576,1,1341.0037193862624
894,2023-06-14,191.4647697311258,195.58185203973323,80.1653727934918,0,1310.3034406262573
895,2023-06-15,169.46129662768928,181.4994485058936,148.52475412872653,0,1232.6312254001734
896,2023-06-16,144.98645759049438,187.06019686664487,28.31774121002823,0,1175.6560826853936
897,2023-06-17,154.4014105929997,279.9323585252358,104.49393299522217,1,1379.2409728005996
898,2023-06-18,186.1952689952507,228.04597239706195,64.25104961199288,0,1243.5751665411728
899,2023-06-19,125.49192987038292,185.22598409854197,75.74657808806019,0,1167.7071357935736
900,2023-06-20,161.06019926618703,234.8477202255368,69.08975509397516,0,1202.02433848755
901,2023-06-21,138.19983563017917,183.3090255121995,61.51527333203913,0,1191.0083027664314
902,2023-06-22,150.86234468804452,258.65623187933204,58.60334143522483,0,1237.698431821994
903,2023-06-23,188.35355587821897,218.48210960990468,76.59017471146018,0,1276.5089755333033
904,2023-06-24,155.7329720405971,194.63489279978856,39.656526066566414,0,1250.5939324228314
905,2023-06-25,151.39309644468446,222.38584629051388,85.01158335043532,0,1250.9181047118998
906,2023-06-26,109.20431577060242,121.45619239657503,61.67611190229492,0,1152.2502292834388
907,2023-06-27,172.38760698081663,143.66162655450972,47.398613219192846,0,1219.0199472996164
908,2023-06-28,169.36452543423226,140.30374968004725,60.99974284008373,0,1238.9603229737186
909,2023-06-29,214.8976416991638,207.14715473818535,95.14298433725145,0,1334.2474898759267
910,2023-06-30,140.76665295140998,286.6257499742546,59.29329825967554,0,1242.4024635801172
911,2023-07-01,156.57450982991816,311.5650073096316,77.1690723641924,0,1251.4039008693337
912,2023-07-02,157.48151051132265,231.90255507203787,55.38087448569053,0,1208.3424718975057
913,2023-07-03,197.32359839290422,225.04222374722286,85.1584369984724,0,1238.5117949843986
914,2023-07-04,147.14113402839143,109.94711329236306,83.71015477580409,0,1216.8553891325669
915,2023-07-05,158.37064577311017,172.86631001329891,106.97217666592823,1,1348.9643298194724
916,2023-07-06,168.23689529149618,160.61081240458805,66.48872109001569,0,1247.0387889840756
917,2023-07-07,155.59827369469073,168.95762008744418,83.37309609515813,1,1319.100395549394
918,2023-07-08,136.60699156348414,191.59280907076052,71.9613507907789,0,1250.6851468196205
919,2023-07-09,155.82269978694922,176.39547111514364,95.91743563726028,0,1213.4012734113999
920,2023-07-10,182.20895249579317,101.03500948121061,55.623352247825395,0,1252.3022029059375
921,2023-07-11,119.20454101766819,237.3955128058767,84.90010625754562,0,1206.2409292612538
922,2023-07-12,153.98909022440628,146.36284871300967,66.10605407766637,0,1192.8686327134624
923,2023-07-13,128.9963755518248,211.9623432055575,68.71623645783005,0,1224.1042350245907
924,2023-07-14,185.85139886774527,303.70413348749867,71.83504968896746,1,1403.6187324123082
925,2023-07-15,104.30439285648676,154.03077042067883,75.04480792853354,0,1176.2317683464048
926,2023-07-16,133.23234458185235,73.48562386268351,67.67541913756084,0,1171.2514682298556
927,2023-07-17,161.31635625193562,185.69978890599447,74.29426366341053,0,1230.748353204911
928,2023-07-18,196.9657208770302,255.04798174992857,101.56236115124369,0,1365.4437474183705
929,2023-07-19,148.02749216781038,297.9173727110297,89.70899371230436,0,1290.8722020794653
930,2023-07-20,133.34401419920405,138.52252027737916,87.38309184993793,0,1214.0621955019708
931,2023-07-21,206.4347120832177,224.83496116182607,60.889209479522584,1,1389.4170170737716
932,2023-07-22,106.55958298751267,176.73447716099733,52.21518343543352,0,1200.2376788407987
933,2023-07-23,84.03582130139755,194.7025822847932,89.10601116475506,0,1175.8076415115302
934,2023-07-24,163.20043350159997,332.21716735085175,87.52093585059589,0,1281.1559134601957
935,2023-07-25,134.93837326942167,124.85148358024234,99.45341351501963,0,1183.1775712885208
936,2023-07-26,119.36301548607861,212.6869830747287,57.92038748061541,0,1192.3256677747397
937,2023-07-27,171.2506934189806,223.38465858827166,65.40902689279307,0,1156.235124297679
938,2023-07-28,157.31402141313598,254.28931624696736,37.21031674949132,0,1247.3609048160538
939,2023-07-29,133.07764107789814,204.89915767354478,62.15057787878254,0,1192.3232215524072
940,2023-07-30,111.59086803987316,215.40252697520512,89.93141021158894,0,1241.978008123239
941,2023-07-31,176.17371984840435,180.41757162891045,60.670092415436045,1,1343.0133319445174
942,2023-08-01,169.50603533875983,213.45634706225536,82.80959590401648,0,1214.4359560521907
943,2023-08-02,147.0247240866185,182.84038622512946,66.18993788004377,0,1213.6184229063226
944,2023-08-03,205.39910988142998,231.07859449280255,76.48114056443121,0,1258.6352837902818
945,2023-08-04,117.89745701021542,181.51948319781832,47.04617220368665,0,1195.9647588816722
946,2023-08-05,104.23424487225783,218.85501969510932,71.70418899267803,0,1192.9600095095109
947,2023-08-06,129.24275790356268,198.5368593157511,20.0,0,1221.539004631536
948,2023-08-07,148.63241950933508,256.3025125386084,66.2620768367603,0,1215.0491348874327
949,2023-08-08,157.30018347968075,197.4303138205757,37.3905351256972,0,1225.0276275378374
950,2023-08-09,142.76291826431012,111.34837658965593,94.11989033093633,0,1154.040755444595
951,2023-08-10,160.5616618954289,263.0960750356996,85.54814705529023,0,1277.6449572749382
952,2023-08-11,112.45381727428668,154.71338495686905,79.33341963932162,1,1290.3006521024154
953,2023-08-12,193.31293812219778,167.31168306755902,100.4201245431876,1,1378.4646185819302
954,2023-08-13,147.53546464822293,170.2169352978254,51.021669583503254,0,1208.8534500949795
955,2023-08-14,183.51887494764384,268.7219046585409,104.94726395831117,0,1297.568085860532
956,2023-08-15,160.28176039133112,93.21628930106523,88.6438312852077,0,1254.10558668795
957,2023-08-16,163.70259657461352,356.8874266829997,65.26889425562108,1,1375.2697757193773
958,2023-08-17,167.0930184069661,252.8028404533026,92.71240294365889,0,1265.6357066429912
959,2023-08-18,163.43125680051946,211.16194570645797,47.87412975176731,1,1303.770877487368
960,2023-08-19,169.2816827960263,197.25529996918567,53.50971676944653,0,1213.1123872927215
961,2023-08-20,189.87457590397293,214.27770374288284,57.828205535205996,0,1268.6579269266783
962,2023-08-21,155.8956350910441,226.0561214189669,59.420445838719694,0,1268.7145670855355
963,2023-08-22,171.27011272765537,232.26077929750284,48.86884714479494,1,1343.0336912183182
964,2023-08-23,147.3079291713832,227.78022330017242,94.4616613419065,1,1327.4568325504524
965,2023-08-24,193.2035164634842,204.47903406276245,64.82291199260337,0,1255.3052517457024
966,2023-08-25,129.7082309382219,190.1330789846337,77.05009936713759,0,1186.1154743817099
967,2023-08-26,204.02821298732448,192.43633581732442,58.592972671726386,0,1282.3268519381318
968,2023-08-27,148.7952614806697,190.25458598236594,33.58793398902966,0,1167.6714947178261
969,2023-08-28,107.07674693645856,256.68850484335326,75.40114716782844,0,1237.5917151230321
970,2023-08-29,153.84313244732368,229.6778361140431,31.75490049160446,0,1209.1347944359736
971,2023-08-30,129.56845027575358,52.98056826678598,68.62731907829063,0,1180.8451891345917
972,2023-08-31,175.21930646966172,232.79503882648805,42.63369922334379,0,1215.4846000404607
973,2023-09-01,130.42128062092826,209.73680973593875,109.74551998461615,0,1235.3566314550196
974,2023-09-02,136.6144970035566,199.06456217770514,88.22725444349443,0,1234.1376547800019
975,2023-09-03,93.31377807163406,180.5740773455557,72.11507582542961,0,1173.4350786005637
976,2023-09-04,136.4308104225277,256.2056359993007,95.27413355309338,0,1202.5144722789428
977,2023-09-05,77.2836202011313,247.37632310614288,53.07368045068529,0,1169.5976989110534
978,2023-09-06,102.4829152954283,161.35611660881955,80.86958757340186,0,1131.5719822507228
979,2023-09-07,172.81243968432892,220.35261435622675,73.99620867437427,0,1246.134568073186
980,2023-09-08,173.57400475952497,151.4171632729357,75.2804016266734,0,1264.9376270954003
981,2023-09-09,162.76372685354895,131.01909176055347,95.44707000213535,0,1245.059926194264
982,2023-09-10,120.99071570612361,168.66413877050175,84.64984205559604,0,1188.9754140246064
983,2023-09-11,148.5686593157406,243.11967361913793,75.77447325650047,0,1207.4152587750968
984,2023-09-12,149.89192382728294,247.65625226880434,36.902251275434075,1,1350.9368811282368
985,2023-09-13,115.24905932422371,225.65427100486465,50.79907409441073,1,1293.6865925755058
986,2023-09-14,195.10194905301452,236.25478934239987,67.54582132808552,0,1209.878082174439
987,2023-09-15,176.32086871727014,225.80891435574793,71.86744748553302,0,1281.9159273105968
988,2023-09-16,143.37107478511007,167.9259202388524,47.39592550652152,0,1202.5010509419792
989,2023-09-17,150.80657516983592,221.59612723369702,118.23353351156842,1,1377.0056574817509
990,2023-09-18,156.25148423842657,240.02047626138412,100.32788110507146,0,1215.465087772572
991,2023-09-19,88.74795394727128,237.71456649067872,82.04236640784967,0,1081.169682780165
992,2023-09-20,142.5846785243821,259.4456685737322,71.4407372256749,0,1243.0790422919922
993,2023-09-21,129.54047256006604,235.4151923600532,65.75582060197696,0,1222.0631046889366
994,2023-09-22,119.95139970315253,217.57241037707914,50.96163079955529,0,1144.6953001479937
995,2023-09-23,141.56699121342135,253.50751191582137,71.54961037037725,0,1202.574180486245
996,2023-09-24,203.93059580548567,198.673937037547,75.15505080285502,0,1361.2203193889177
997,2023-09-25,169.22528583801028,155.90626743861412,45.16478849036751,0,1215.8618053430537
998,2023-09-26,132.8646303065161,191.8466518028118,76.68352834489795,0,1227.6841008076258
999,2023-09-27,167.17748344068477,162.75486775967755,66.89481902350502,0,1209.8631127522374
