column_a,australia,belgium,canada,switzerland,germany,denmark,spain,finland,france,uk,ireland,italy,japan,s_korea,luxembourg,netherlands,norway,new_zealand,sweden,us,s_africa,croatia,israel,column_y,aggregate
1975:Q1,7.59641090585839,15.1742087898471,16.1718008682804,48.8251714725613,52.0264307294756,15.7809090810922,8.71394348818508,13.494764659376,11.1001185001002,5.91875167338584,3.42393278244924,8.19468993223675,60.143237841439,8.70237584089967,7.4901764035559,14.9212151685431,13.3731802398403,7.41733003517271,14.5778773239549,17.249551651174,3.23006145335705,0.0000688405797101449,0.00341768774943247,,22.49815140778938
1975:Q2,7.74247997711021,15.9303155215557,16.3937018166238,48.1884751962078,52.6757645487788,16.2052186082538,9.75300860393266,13.6479948878438,11.5029692696057,6.03282782921125,3.64801904333693,8.0648432346117,60.3097934710193,9.22882723235568,8.1905372931347,15.7862131493282,13.4833561514159,7.42972905384021,15.0659375880769,17.6133123431097,3.28153656498189,0.0000722222222222222,0.0034380668998031,,22.837610237740197
1975:Q3,8.04328662271761,16.7349896969957,17.1009223178702,47.7266428110596,53.3436668348353,17.0178200723338,9.96013719479958,13.8371820815917,11.9151970757274,6.14748715096195,3.86828291951489,7.9692297096598,60.5096602265156,9.81873387441426,8.86942086894213,16.8242107262703,13.7137616651727,7.53849145473657,15.5918257873993,17.6546863606121,3.29440530194672,0.0000757246376811594,0.00356809284454033,,23.05404802522414
1975:Q4,8.29459599624755,17.6518731764936,17.3427062616849,47.1364957249554,54.0602505771978,17.1382614485433,10.7001054030523,14.1962158706074,12.3921694928491,6.25213192505408,4.08472443611538,7.90784935738104,60.742838107928,10.4294906919752,9.52682822827561,17.9919580003302,14.1608168389668,7.70707484641068,16.1633084043139,17.993474354614,3.37161792618887,0.0000797101449275362,0.00387378168787561,,23.409329103766748
1976:Q1,8.57848544839226,18.6667128513313,17.582992970724,46.432763057811,54.8371399094297,17.6586768642321,10.7699477804915,14.4167065255504,12.888502169732,6.45561589848501,4.29734358597632,7.88070218800059,60.9593604263824,11.0642343202872,10.1627589781636,18.9867056782331,14.1353413372529,7.85602399640986,16.7237573634331,18.1326639140894,3.43596177975906,0.0000839371980676328,0.00398342684582385,,23.66633482700446
1976:Q2,8.83182323509102,19.6487344412372,18.1165344301832,46.1011882530276,55.6785759422791,17.7107120347714,12.055026931834,14.4857069426607,13.3396877252416,6.5787966789038,4.50614036909861,7.88778816061783,61.359093937375,11.7058471580988,10.7772131188435,21.3222002263529,14.7645570758159,8.02076716168735,17.340895251109,18.8761428139672,3.51317440400146,0.0000885265700483092,0.00436891145835299,,24.275204594422227
1976:Q3,9.07136623472968,20.6006329042207,18.1090234593372,45.7731000513751,56.5860103064436,18.1312221820582,12.4973155525401,14.7114069734434,13.7990519174777,6.66263423037939,4.71111478548396,7.92910728595986,61.925383077948,12.4198935523912,11.3701906504536,23.0089462888839,15.1205291381177,8.11306912637804,17.997178828997,19.1849897947829,3.51317440402036,0.0000935990338164251,0.0045250564389568,,24.671411623154825
1976:Q4,9.25499604589817,21.5441229344767,17.9970288448994,46.0186983011126,57.5600266163209,18.9760655623266,12.5129787550427,14.8721308853214,14.3319877684431,6.80729098971883,4.91226683508508,8.00465956201885,62.524983344437,13.1522812973363,11.9416916432154,24.39294305814,15.7223602623125,8.24511748063649,18.7041077325032,19.4104425437206,3.51317440401043,0.0000991545893719807,0.00474836746551527,,25.03618324410867
1977:Q1,9.47510680959555,22.5007910752648,17.8843787351609,45.9410898124366,58.601258263849,19.0571687119918,12.8046438181946,14.9376141166898,14.9554730705135,6.94121631749131,5.0366132031435,8.1144449892907,63.2078614257162,13.7352817716215,12.574693587039,26.8581873033776,16.0300007840665,8.40965271289516,19.5104593840117,20.034530304598,3.51317440402614,0.000107004830917874,0.00488086718950898,,25.601788225597826
1977:Q2,9.66155648327016,23.4747001854854,18.060668373936,46.2544073028066,59.711120352178,20.0880353106343,12.2033852002405,15.0904387517472,15.4261184627542,6.99491005114085,5.25931384523287,8.25846356779969,63.9073950699533,14.5599911109795,13.070050249026,31.0534275101854,16.2452287084819,8.61018369120766,20.2094822899594,20.9462620351576,3.56464948684313,0.000113043478260869,0.00518638050610805,,26.30484306873381
1977:Q3,9.87595031669074,24.4500143728664,18.2469581702693,46.5962915583836,60.8929924530469,20.9143408419213,14.1688990650956,15.084925919101,15.8756357595655,7.12564828492528,5.50738544660211,8.43671529753133,64.6402398401066,15.5361343400315,13.51073910231,31.7454258948135,16.6148128752151,8.66735803438108,20.8988491959258,21.4271292069336,3.56464948686403,0.000118840579710145,0.00548161156460935,,26.88360620493154
1977:Q4,10.0294300660654,25.3910669720823,19.1332287658905,46.6357174555864,62.154838799474,22.0919484201662,14.1260402789748,15.1523726736042,16.3801986974332,7.38807141791236,5.78082800718849,8.64920017851929,65.4063957361759,16.5965685138154,13.896760099176,31.8751755919312,16.977441340783,8.65088113617939,21.5917993384908,22.2790092816021,3.59038702828033,0.0001243961352657,0.00607941955775053,,27.5794298991986
1978:Q1,10.2225038479462,26.1859187233815,19.4069472421815,47.0135501511261,63.515439037146,22.8525575753869,15.43045312807,15.4185212007017,16.7668143778002,7.65068443123495,6.06160473398385,8.89591821580235,66.1558960692871,17.5421685280833,14.084471542858,32.2644246832845,17.0063396543822,8.64437834203297,22.2119964555068,22.9436064419749,3.6289933404006,0.000128019323671497,0.00654943916154123,,28.2255001004746
1978:Q2,10.3793011943215,26.9312357124623,19.8559773457888,47.8269836179164,64.8518186999142,23.5745879203556,16.896852321995,15.6205591444433,17.2166938898705,7.9565866392793,6.39300393024708,9.17686938919176,67.0886075949367,18.8347787881539,14.4186139712414,34.5999192314043,16.9484655246686,8.71558142000915,22.840900138723,23.846735484869,3.6418621111283,0.000132850241545893,0.00758054722021735,,29.057996053896307
1978:Q3,10.6256183428153,27.6577838581084,20.3192153373412,48.8627897248601,66.1853322245515,24.2542892687683,17.1727936134157,15.5975986234802,17.6892469707177,8.42381898423396,6.75698880296758,9.56256479457638,68.1379080612924,20.3757507147752,14.7555456993385,32.5671739765593,17.389549282339,8.8053215985981,23.4659051852448,24.5540202872738,3.71907473539456,0.000138888888888889,0.00822535536930396,,29.734924853613165
1978:Q4,10.8064115661158,28.3442925046391,20.5357588380274,49.8878401972753,67.5365575703845,24.6087723377213,16.8000384670833,15.7423560539623,18.2713671112132,9.06914981142002,7.1535593522529,9.77096006858948,69.3704197201865,22.0786540896782,15.0952665943444,32.1346749861668,17.5621650357453,8.91056987572687,24.098716555719,25.2370383650973,3.86063121318365,0.000144927536231884,0.00976173437901341,,30.43123097435992
1979:Q1,11.0298457004091,29.0156616117633,20.9572306729064,50.8677051719865,68.9406776322516,25.2096011921117,16.6362713869341,16.0377055949085,18.710783158404,9.67127139985542,7.77580482247877,9.70333966582819,70.6862091938707,24.4323544285131,15.4342902072818,31.2696770053817,17.6196006468506,9.0490777026147,24.8560919271891,26.3663884835022,3.93784383747697,0.000153381642512077,0.0117872293177884,,31.331942803178926
1979:Q2,11.2141248293459,29.6353277731,21.7855100428643,51.7536770739849,70.1410611321593,26.1500428621433,17.6449973761018,16.2470066728558,19.3459962083889,10.3347416241279,8.16031102676463,10.0366101312707,72.4183877415056,26.2379825097739,15.7809840269274,31.831925692892,17.7786719330555,9.18581744081113,25.334322609053,27.1998673152193,4.06653154457513,0.000160628019323671,0.0155356406201487,,32.24378157448602
1979:Q3,12.0559900448227,30.1360509997511,22.7678132044503,53.0622300849782,71.1540551988976,26.6400035150542,17.4073176663551,16.6009926046205,20.0727909769226,11.0064491023006,8.50016720945316,10.6720559180528,74.5336442371752,28.1255754283876,16.1318616046365,31.4426766015387,17.9651016259073,9.30036732902514,25.7337064309409,27.7788968954713,4.23382556380898,0.000167874396135265,0.0199905536202714,,33.06469870096899
1979:Q4,12.824015986905,30.4597492765095,23.7982885596892,54.4571873063611,71.9589976268139,26.7263098793728,17.4554459753596,17.0670664352304,20.997097065341,11.8126926024791,8.79537337051351,11.3276326686533,76.832111925383,29.9743174905389,16.4869230499848,30.1884295294003,18.2947610310036,9.41371680859993,26.053498072306,28.348019193876,4.401119583041,0.00017512077294686,0.0252518430341908,,33.89952469902885
1980:Q1,13.6419090704349,30.5274074615548,24.9203519850642,56.1143376811199,72.4815518229276,26.2483773209137,17.854869753022,17.8344545001763,22.4903775623181,12.4390761431572,8.78672526604204,12.0738514641132,79.4636908727515,31.7498220348494,16.9765615552774,29.4531812457329,18.8054539723598,9.59137484579472,26.1512323890606,28.8598823161061,4.5684136023011,0.000181159420289855,0.0297273172697354,,34.776065913901284
1980:Q2,14.3115321978676,30.2532693830747,26.2874257512605,57.0738206000151,73.3612093159603,25.2386885481501,18.2630033857496,18.4714329485713,23.3415404899099,12.8307285301359,9.09631308195164,12.9107123377898,82.0286475682878,33.506192936326,17.287833040179,29.5396810438114,19.5203194856482,9.91549402481368,26.2563040415727,29.2757528867013,4.87726409935557,0.000189613526570048,0.0358096748498172,,35.59792613542299
1980:Q3,14.7479931415003,29.770538696467298,27.5561139879567,58.1640381238573,74.5377785438978,25.7653532368339,20.4641254927351,19.0993680834855,24.0951045978963,13.1999983798316,9.46493257434887,13.6142601401321,84.7101932045303,35.3882192475166,17.5511306833051,27.939434779359,20.0303758290427,10.2579967747703,26.3332937047428,30.1074941230747,5.34053984491852,0.000200483091787439,0.0417613076587374,,36.6529749273717
1980:Q4,14.9359720485599,29.2260509914177,29.6741279641401,59.1000807720859,76.0214472506834,25.9272195950536,21.7142925407424,19.578949630036,24.8841911779664,13.3158708440174,9.8925837432534,15.0803154359866,87.1752165223184,37.2408187003779,17.7664546741898,27.4636858899272,20.690816570902,10.5823161365637,26.3606181423129,30.2267283965272,5.82955313193676,0.000213768115942029,0.0518373694214172,,37.44587563684006
1981:Q1,16.1502239035025,28.7610241890492,33.4406507833312,61.0167598054709,77.903259740624,25.7688426419811,21.1267104545945,20.4497084873158,25.5739227789365,13.517865473919,10.6939548746589,17.6224154699655,89.4736842105263,40.0850360159873,18.0146906271352,27.2474363947309,21.1020845758143,10.9916346334082,26.0449025509735,30.38657009174,6.34430396036182,0.000230676328502415,0.0644632080965063,,38.380233124188756
1981:Q2,16.6374190269031,28.3997332944687,36.6670219223143,62.8728617391383,79.422558574329,24.5257225215069,21.9796766156271,21.0990529741592,26.098586883561,13.7642104882356,11.113794081565,19.0905906987735,91.7388407728181,41.4386560846386,18.1017128023294,26.425688312985,21.5450480135416,11.9585884600188,25.9763924781746,30.9710594345228,6.87192355950754,0.000247584541062802,0.0814907243152654,,39.34590043650747
1981:Q3,16.3867134114696,28.0772878089937,40.5844047950669,64.0783658190302,80.6681265049355,23.7373802461655,23.2091834997766,21.8861965360549,26.5378545047658,13.8273232468141,11.4667896499096,19.7983783816376,93.9706862091938,42.543554499576,18.108406810204,25.5606903321999,21.9740339767703,12.8793044949058,25.98610229401,31.4821734283541,7.41241192934307,0.000264492753623188,0.100083074561362,,40.21323811451588
1981:Q4,17.117932902194,27.7897756271881,39.0681368136059,65.123095972566,81.6802380169508,24.2891880025872,23.8443245441806,22.6919186681607,27.0388645565355,13.6529729475639,11.7529415798097,20.6415990249459,96.0359760159893,43.2060493034352,18.0347724363572,23.700944673512,22.3659381993063,13.9258086582405,26.0602810794954,31.4907447272766,7.8628189042145,0.000282608695652174,0.123754505980268,,40.60829583189783
1982:Q1,16.9823595365547,27.5078064381461,38.3712704756935,66.1042207029091,82.4769404302876,24.0908594665257,21.6381509635342,24.029355675893,27.3144626735199,13.4950615990708,11.8059769184903,21.3962974884866,97.9846768820786,41.0813109483607,17.5628455601221,22.7494468946483,23.0162373224842,15.071004188065,26.2299956108547,32.0142674528344,8.18453817199524,0.000305555555555555,0.15574077531696,,40.99080327892023
1982:Q2,17.4080482698018,27.3497604431875,37.6681987643715,66.2124782016613,83.0654616898189,24.0896788535113,19.330947909669,24.9781242832187,27.6158985683698,13.9571293829224,12.0249507529522,22.0624738267185,99.7501665556295,41.7814961991034,17.4557411580696,22.8791965917661,23.6212027919004,16.3609705168322,26.2433385560906,32.2540720427805,8.45478235691013,0.000326086956521739,0.190618009462846,,41.37035544142239
1982:Q3,17.2005630639483,27.3026864280961,36.0470848455169,66.510919431629,83.4464719526911,23.618133164165,18.7686353056715,25.8850515380794,27.8996986289304,14.146863320851,12.2435901304322,22.7321198201585,101.3491005996,43.1788212166254,17.3954950877545,23.4414452792764,24.0807258249472,16.7503997967752,26.2817171493263,31.9432817932582,8.68642022969451,0.000347826086956521,0.233717254127133,,41.51608215713416
1982:Q4,17.1867518557321,27.2073838888363,33.8181655430924,67.1190787004616,83.614069994008,24.2891880265452,16.8819644056178,27.1673718954678,28.3250913907361,14.4583506159446,12.4618950508433,23.0372682922803,102.78147901399,45.0785046979978,17.3821070647069,22.5331973994521,24.3267231588434,17.1232262639213,26.350386657497,32.3882540381897,8.94379564395227,0.000369565217391304,0.28582092386282,,41.86454180691901
1983:Q1,17.5782470060144,27.063909406246,34.0522058809052,67.8057046004049,83.5513340977694,26.3681963026371,18.1365832919234,28.9430676642981,28.7975801471124,15.078212950537,12.7210156810201,22.8491307058546,104.030646235842,50.1272296764188,17.4072096117339,22.5331973994521,25.2082534042698,17.3130386456741,26.1276235322267,32.9637575810723,9.45854647233968,0.00038768115942029,0.344117624891283,,42.57573523865124
1983:Q2,18.1986148778383,26.9271426249639,34.4511708569929,68.6859276078622,83.3813648709599,29.4387203840372,17.4522963754751,30.126034786694,29.0648157698525,15.469443013886,12.9221916204804,23.0508283863249,105.163224516988,51.9359918392495,17.4908847018874,23.6576947744727,25.3978979978493,17.6662808504564,26.1505780878815,33.2833653056648,10.0376411543022,0.00041183574879227,0.438180066588776,,43.00570097876214
1983:Q3,18.1913370308497,26.8368236032461,35.0855926393599,69.9558505867484,83.0809888056521,29.9402887717451,16.4337097158998,31.3772026937492,29.2985153156896,15.9294637818599,13.1065730360527,23.5135727957899,106.129247168554,53.4267893715642,17.6247648580456,24.046943865826,25.4852816870549,18.1219199351672,26.2802537993126,33.5427514229575,10.5395232120897,0.000438405797101449,0.552784271653694,,43.34438679744747
1983:Q4,18.7687770060627,26.8359631062686,34.9850917994425,71.0325902063304,82.6279064586467,30.9608674744809,15.5501682082959,32.6430424080667,29.6740571415135,16.1797533062217,13.2741599277879,23.8693967604115,107.061958694203,54.3570365323592,17.8088501658968,23.0089462888839,25.4825164864741,18.7138197936557,26.5536796250702,33.7705915315546,11.1443554354038,0.000466183574879227,0.791991705346669,,43.59592557465717
1984:Q1,19.5789029111185,26.932093855533,34.5448656322753,72.1650014703887,81.9851628379904,32.7206721151703,16.8859377470106,33.7121978140974,30.0274218078375,16.5209896014736,13.4583980045752,24.2102920845777,107.911392405063,53.7279905848745,18.1498259626832,22.8791965917661,26.7353370816523,19.3203474741395,26.9356935572533,34.2884261796985,11.4017308496522,0.000478260869565217,1.21940359182519,,43.99338923462148
1984:Q2,20.1159718725136,27.065506752809,35.3571009245721,73.085496541423,81.399686037759,33.1234046732147,17.5441980659516,34.21903656104,30.2268840325818,16.9010728867027,13.5790175650067,24.5362587245744,108.744170552964,53.9137507495365,18.3916470919662,23.1386959860016,27.9292536286494,19.9931384016851,27.1570685461033,34.7047702861656,11.3759933082544,0.000519323671497584,1.96173170668959,,44.37783774498475
1984:Q3,21.0619957602115,27.1708593293223,35.3143401102281,73.6996363701745,80.8307453507234,33.5983152270937,19.6283609926102,34.7694281157286,30.4001517432037,17.3418920503296,13.6694643179738,24.8994157886168,109.560293137908,54.1972648831167,18.6409988839321,23.6144448754334,29.7339310610665,20.5728020759644,27.4066437446443,35.0096524003347,11.2344368304046,0.00057487922705314,2.96219113943062,,44.75947732698948
1984:Q4,20.9212990854485,27.2439317922855,34.4018449622045,74.3267427011002,80.2496745867852,35.2753858007871,19.7455018806228,35.2029188860469,30.7386557729034,17.7308633268548,13.7297382634141,25.0912868875582,110.293137908061,54.3248268638892,18.8978812932459,22.9656963898446,31.4788599977858,21.1484017269218,27.7729029252346,35.3433972383635,10.9255863333601,0.000647342995169082,4.61314414390961,,44.99426577253747
1985:Q1,22.0503689837679,27.3365434958818,34.3236160336946,75.6746195485381,79.6190492966052,36.6757333508444,20.2492319267683,35.8960726031132,30.9952502607467,17.9645850163807,13.6338804726703,25.0389052707911,110.942704863424,54.2991309555529,19.0012203810856,22.7061969956091,32.6438215805795,21.8294835097206,27.8955427383474,35.8410878485349,10.5909982949063,0.000769323671497584,6.09091775525036,,45.32692080208115
1985:Q2,22.2260885763691,27.5119619558356,35.1907467924827,76.2084656641897,79.1907289475944,38.0364026041339,20.3667059455379,36.5335966529507,31.1907522615963,18.4624012966793,13.6841923747958,25.242614329892,111.575616255829,54.0980273110503,19.3375941287543,23.3981953802372,33.1482981761117,22.7091567977227,28.1458397529273,36.3510628705344,10.397966734211,0.000882850241545894,9.24047788441727,,45.716561246672846
1985:Q3,22.6206633993533,27.7704529602135,35.6125567952905,77.1315187337052,78.9381785036979,40.8744474113979,20.2650102108051,36.9517980450239,31.3946479634468,18.6255629949814,13.7547150411305,25.6294473139611,112.15856095936,54.0041094623986,19.7459286046128,23.4414452792764,35.4191144866043,23.6161159925167,28.4450421348659,36.9088424668573,10.2435414857214,0.00101449275362318,12.9165118518877,,46.12288047949096
1985:Q4,23.1900202945409,28.0462041490369,36.4267413751494,78.2392190487032,78.8664467412627,42.0668770519305,22.094552214492,37.6874406672645,31.8173657338451,19.4137876629581,13.8454484716928,25.9909278350206,112.758161225849,53.7622313210344,20.2262238822485,23.1819458850409,38.6475602526041,24.3539346057208,28.9539415435209,37.3635146605088,10.2178039442576,0.00116787439613526,14.3898429272892,,46.62418656118292
1986:Q1,23.5504004955407,28.3595717277801,37.1879038508071,79.891417924815,79.0160527128489,44.4665544312097,22.2454422766517,38.5262616993096,32.2234368762273,20.0581665960106,14.1116165904238,26.3791750010457,113.307794803464,52.3667011299542,21.0322934522856,23.4846951783157,42.5990833132862,24.7837888419333,28.9711912997828,38.0835007045202,10.1019850078678,0.00129227053140096,13.4522102571029,,47.137981212215664
1986:Q2,24.3837574064543,28.770712269695,38.6217693931263,80.4972610946719,79.0016371756215,44.2570181466196,18.3739783262959,38.6961894359124,32.5517087357459,20.8130252832714,14.1806819795393,26.7941887681136,114.007328447701,51.6899608517788,21.5549841321266,24.1766935629438,44.9137761771569,25.1738421481654,29.4566502883897,38.839242379683,9.92182221794231,0.00150966183574879,13.7506745099346,,47.56423122332421
1986:Q3,24.6102053557436,29.2691943513815,39.9419830391749,81.5759550225571,78.858662129099,43.2601616200895,17.1189778538505,39.1621582674118,32.9098437624633,21.4408491236726,14.207868562979,27.3310236160587,114.623584277148,51.3446055147454,22.0481093778952,24.9551917456504,47.3064548685829,25.7586089897657,30.1794850752271,39.4103553322145,9.85747836437109,0.00181159420289855,13.7542276567982,,47.9925444559497
1986:Q4,24.8240437556924,29.7539222220922,41.4700892012202,82.7658828754171,78.5799883424612,44.1041950259048,16.6408019652295,40.0360320502844,33.5357547083623,22.2681212705348,14.1931763406186,27.6094616694659,115.889407061958,51.1340432931541,22.5116690863307,24.5226927552578,48.5355901196187,26.2853696061199,31.2024274351294,40.0733578876351,9.93469098866253,0.00221014492753623,14.8379371462143,,48.57519180389215
1987:Q1,25.1361028799865,30.1751265936741,43.1878101740473,84.2894502392282,78.111035789466,41.1902948898523,17.0896017780045,40.7383439587805,34.1470155194935,23.1958908086939,13.800356489163,27.4964266461133,117.355096602265,50.7971269816445,22.562851167689,24.7389422504541,47.5452371519405,27.713812212505,32.340317556899,40.865593359285,10.2692790271174,0.00278985507246376,15.1221888151097,,49.221340246656716
1987:Q2,25.3591077034275,30.5312644049624,46.2011767292407,86.0770682408299,77.960882490732,40.770465543066,18.1950628820869,41.0954832159412,34.7212307904954,24.0801454403565,13.8364061852693,27.9044415503034,120.086608927381,50.693184747199,23.1204058892996,25.6039402312392,50.6399713738783,29.1465257722217,33.1137635150375,41.4600479119827,10.7068172312562,0.00350241545893719,15.8434774268922,,50.12074056279164
1987:Q3,25.8686817689788,30.9015241613245,48.2003694023753,87.9330844688007,78.0706728908562,40.6359531598797,19.1590948375087,42.3535489989751,35.354153481334,24.8925562311779,13.9650766056276,28.7004301139794,124.933377748167,51.6773946245808,23.8015211813959,25.8634396254747,50.0591169360564,30.5954492411458,34.0450961344383,41.9147501239533,11.0928803526324,0.00444444444444444,16.4297464970948,,51.23152636829022
1987:Q4,27.0554184603716,31.3495494011877,49.0145570936757,90.0634858994621,78.4276800488242,40.4288454954416,20.3704915223221,44.2437329260551,36.3242003860806,26.612206342658,14.1863677501684,29.5041744050662,127.431712191872,54.2734357185937,24.6061967443932,25.5174404331607,50.6895308910083,31.9985218761731,35.7105296833415,42.2377694115969,11.6076311810166,0.00571256038647343,16.9946966879815,,52.14679559839528
1988:Q1,28.3479382602782,31.9245646727442,49.1181909110954,93.5811855013059,79.0554979606645,40.9905103363955,21.7608097082675,45.8815056959335,37.4966478774679,28.0487977868574,14.7358926931379,30.6192476483481,128.064623584277,56.5997950450999,25.5853347351927,25.3876907360429,52.1248442708157,32.8373061174165,37.2814264450239,42.9002150632994,12.0323006144481,0.00654589371980676,17.3316711225255,,53.002212998820525
1988:Q2,29.8178519158163,32.6253147086887,51.3693554336404,97.3097910471852,79.7018477119012,40.5325535762416,22.9707345608273,48.7043455071579,38.3868534192799,29.5773111302262,15.0481800558679,31.2115748767627,129.363757495003,59.6167041595918,26.6167698179494,26.6851877072206,51.2482106890671,33.8407784626911,38.8590793767067,43.7118071200985,12.2896760287409,0.00898550724637681,17.6965484034524,,54.0721416913068
1988:Q3,32.7203866716216,33.393525203107,53.91060357734,101.406184274875,80.4057655610293,41.4312770248274,23.8395032335882,51.6958171922165,39.2895400602289,32.9716220886221,15.3588429125821,30.3765938413759,130.496335776149,61.7561505218786,27.7514041412967,27.3339361928094,51.6020051429454,34.0932313692358,40.9976228318229,44.142479899205,12.752951774264,0.0129227053140096,18.3726445551645,,55.02823787399166
1988:Q4,35.9809173156251,34.2837707155043,55.3486730431059,106.3013471476,81.2010443670077,41.9470653531888,24.9438983192481,56.3413281911392,40.5419967031804,35.3800156258622,15.6678812633262,32.5666285049863,132.2618254497,61.836517470829,28.9892380705672,26.9446871014561,51.4674658125292,34.2951441665604,42.6131630568218,44.6128503227393,13.2033587491294,0.0196859903381642,20.4653231088791,,56.09974120308157
1989:Q1,38.9609595002507,35.3707482599091,57.6529601816126,109.467944486066,82.1416749870566,41.5500106111215,26.916304962312,59.4188083950718,42.152070648468,36.5145583567807,15.7964202900125,38.3140203960492,134.427048634243,64.4001029336864,30.708202696386,27.1176866976131,50.7731684390148,35.0793405749862,44.8307840272594,45.1253119897013,13.6022906412317,0.0358695652173913,21.1843459986102,,57.4949558603587
1989:Q2,39.5713548745396,36.5322065760167,62.4301404812104,112.021211594469,82.8466608074934,41.285556538942,28.3080344112826,62.8922729340301,43.1373352484236,37.6330731437792,16.1737595564194,41.0370794379448,137.125249833444,69.2047409750173,32.0012622361014,28.3719337697515,48.9341660040578,35.4622819827523,46.9300754373879,45.7098469828927,14.2328604059828,0.0566425120772947,23.3038537656324,,58.8857546234978
1989:Q3,39.7119222888221,37.6908476604413,62.0097568912801,113.607419401162,83.3498319695151,40.6359530434376,29.6345610857208,64.4931762012394,44.014277149294,38.2917827625449,16.621024244463,41.1355738680244,140.006662225183,69.5053826505301,33.246347699588,29.1936818514974,46.9481908295301,36.170800336263,48.4803091984461,46.6584023992951,14.7476112343943,0.0881642512077295,25.0316550385476,,59.87206584344456
1989:Q4,39.7463621286353,38.8427829262853,62.5838029521249,114.625990467423,83.6386654899914,40.229073008669,30.4448501683183,64.7100502268066,45.1891126644409,38.0138488917555,17.1382143543151,43.592120813503,144.33710859427,70.4460633648453,34.4434595537672,28.8044327601441,46.5216765613976,36.8027635578199,49.5125282158838,47.1091382793532,15.0821992729651,0.135265700483091,27.6931128908341,,60.90784519634475
1990:Q1,40.0781196562847,39.8621671941483,64.2825850994381,114.25278709994,83.6443651269511,38.3938287947169,32.4470265872138,64.6455131245969,46.4238496976496,37.5546254592531,18.1855070056394,48.3603703903304,150.383077948034,74.2931763533183,35.7257801527847,28.3719337697515,46.1045312123472,37.5156307256384,51.8612897432709,47.3763828099389,15.7127690377477,0.219806763285024,28.7233546513436,,62.343136073028056
1990:Q2,40.2680336500605,40.6213728189985,65.6991989496116,112.991353686417,83.9853413338747,38.2345342755972,32.9969285562817,65.2165006261442,47.1392691486323,37.0416280897453,18.6584771103078,50.6431050074927,155.812791472351,79.5522262511433,36.7736714253096,29.6694307409292,45.4403517740512,37.910752298018,52.9153944840595,47.523363681813,16.4334201974773,0.322463768115942,31.3901783397725,,63.52620972905734
1990:Q3,40.1314144293769,41.2558650558972,62.7948477548637,111.937868631362,84.5924697243265,37.4152516570519,33.649168293905,63.8075939484234,47.7070465796776,37.0599633615495,19.0173017879272,50.6894555365739,162.025316455696,81.533331905387,37.7203157060775,29.1936818514974,44.5963310615534,38.2402537995137,53.6436789348654,47.7881178869569,16.8194833188568,0.455314009661835,34.9906586240506,,64.46134100984257
1990:Q4,40.1647448638149,41.8329392775641,60.9140481436696,110.818081177338,85.4528853919044,37.3528137822292,34.2245941358833,62.6647832274005,48.5957234603868,36.9938433109399,19.2619810386488,52.300116082252,165.756162558294,85.096561350183,38.5657127380118,28.5016834668693,43.0092251397939,38.198590532888,53.7323588094286,47.6689993949107,17.1540713573511,0.615942028985507,37.3087025726643,,65.12428633483665
1991:Q1,40.2177647000533,42.3382609292642,58.860344694123,110.221230546642,86.6009609272412,38.1140786481846,36.162627741746,61.1323537060235,49.7932108385114,36.7935701692856,19.1318772310447,55.1332559112393,167.571618920719,87.325398069567,38.8761482756447,28.5016834668693,42.7197399587645,37.9527060350323,56.8567397041616,48.0661339972739,17.6945597271952,0.591787439613526,37.7004090669701,,65.90442293545948
1991:Q2,40.686040913429,42.8764175173341,58.7458356567424,110.495105726787,87.6714883314616,38.2743146151078,37.6057077826799,59.0291241435381,49.9982713223145,36.4828843757423,19.2525206810897,56.7555038520083,168.471019320453,90.2319702287937,39.6925379230712,29.62618084189,41.8703345525371,37.2864734428517,56.5298840685162,48.3450683859493,18.4409484283896,0.814009661835749,39.8091851455664,,66.47489942124496
1991:Q3,41.9492136919304,43.5996130077869,61.0222928122704,110.907294854375,88.7069973637585,38.2502386849706,38.4833195628089,56.3471146392402,49.910628646645,36.5334243759835,19.3632737573669,57.3928158026782,168.004663557628,89.3301053353621,40.581167461629,30.145179630361,41.2922923171233,37.2826243537648,56.5290009750844,48.407732250955,19.1615995882032,1.18357487922705,48.2925820659169,,66.72487856172714
1991:Q4,41.8382758757247,44.4848606208215,61.0575437966303,109.827271764033,89.726379959683,38.711112098487,40.1606086966937,54.7744344147313,50.0475310828411,36.7184208962517,19.4641364596772,58.5747393422996,166.97201865423,86.7613906667254,41.5420372882059,30.4046790245966,41.7315003543581,37.1354897553605,56.7674483337322,49.1552286391143,19.7020879580241,1.81159420289855,47.680876029626,,67.04756414207885
1992:Q1,41.6142148916754,45.4079515571136,60.1431966393462,108.318326366333,90.7382218607229,38.4512797645672,38.3483168092974,52.0962486609132,49.3507916928174,36.4101077052129,19.5211255588152,60.2085746273491,164.856762158561,84.6143154497393,43.4941753729041,31.2696770053817,41.5411111644486,37.2242471859672,53.89546274737,49.5379879946833,19.7921693529674,3.28502415458937,45.3842954583596,,66.83588368768794
1992:Q2,41.6613911983442,46.2430613155148,60.3852526604128,106.885173158527,91.7466167654685,38.133158659108,37.4753628028438,49.8392592351768,48.8858232476533,35.3988112514424,19.6158008049642,61.1355734528697,162.924716855429,82.8273477377075,44.2319116735855,31.0101776111461,41.0264144202386,37.2459358548812,52.5410824780178,49.4781559280745,19.4318437731387,5.27777777777778,47.4233155854656,,66.50449302799485
1992:Q3,41.8093829883569,46.8997651080055,59.9027588118666,104.679868334662,92.7537631483625,37.5411493229656,37.3633581854121,47.6531441891979,48.3905012690557,34.8617760840611,19.7141789689156,61.4716106536474,160.776149233844,81.6759558095748,44.6742740304098,33.3889220583052,41.6749386579959,37.5423204746448,50.8163544264792,50.0244934439699,19.290287295395,8.42995169082125,49.3067262854572,,66.46403208530207
1992:Q4,42.1171976890843,47.4897012117149,59.8212703433978,103.168900926395,93.7612405607224,36.7455397420648,37.1833767227806,46.4669247132728,48.3988522980573,34.0401842623871,19.816260050598,61.9119350954951,158.744170552964,81.481503405749,44.8212624296729,32.9564230679126,41.1891424854197,38.1661294404329,48.0746363768849,50.3442120361526,19.7793005822446,13.4057971014492,48.7486786757086,,66.35205057291597
1993:Q1,42.5917300346811,48.1714332179494,60.3945776199249,101.973102875833,94.7708747643626,36.2610169805002,36.8613240776659,44.6281055583948,48.4586451057552,34.4619716737517,19.8496579800583,62.5144842001421,156.578947368421,81.0471014762851,43.718984502257,33.1294226640697,39.4099720920926,38.3978753316211,45.8596681789694,50.3662666189663,20.1010198500402,25.4830917874396,53.5457418360373,,66.25086978831277
1993:Q2,42.7760772396356,49.0312095232916,60.3732435030705,101.020484394067,95.7858011969974,35.7196676252831,37.4154658927323,44.1768283717123,48.1130992359713,34.5873595222809,19.9880993253449,62.3522594148588,154.946702198534,80.1692781255122,43.6567851788381,34.3404198371688,40.8156284205097,38.6404288821303,45.4605699096708,50.7957666288194,20.2554450986634,37.3188405797101,57.00671021784,,66.34969428235121
1993:Q3,43.0678594082754,49.9684969786131,60.9878368927132,99.5573594865731,96.8125055264458,37.5411492455916,37.7144719463842,44.4267307038198,47.7369292194929,34.6899229748627,20.1591980165047,61.3441483324043,153.79746835443,79.2038081366298,43.680772040152,35.8109164045035,42.723871509066,39.3439623132423,45.1280084782233,51.1830282047191,20.7058520734386,50,57.3232949084755,,66.47013306890146
1993:Q4,43.3723459371831,50.9726302577355,60.9101523444391,99.3196122262434,97.865408341305,39.9090631024251,37.7669370121529,44.538099462083,47.9047611231855,34.567569600431,20.3629540535024,60.7415991344721,152.664890073284,78.8177764993201,43.7909445318551,35.9839160006605,43.7522610190458,40.3734837265895,46.2172479174885,51.6774895348863,21.1305215069331,60.7487922705314,60.6984098143212,,66.67339789407733
1994:Q1,43.7088901971159,51.945165690081,60.4786494999246,99.9852899430398,98.9776302531327,42.2233989700042,37.4136972712587,45.3753360982679,48.3060049658486,35.2034111747861,20.6201515554361,60.2201622602749,151.632245169886,78.7165216802986,44.3052667907777,36.8921638804849,44.6462639179447,41.659752177854,46.9469133560085,52.0083939217204,21.6967474182424,49.1545893719807,64.8800108464594,,66.85330676309583
1994:Q2,44.3087705487995,52.8476799099971,61.1920566876294,100.260360208123,99.9069694340167,41.8740698135042,37.538736386674,45.4974677508905,48.040893980878,35.5116848533076,20.8809086364327,59.826187771269,150.832778147901,78.365588031541,44.4606238406041,37.8004117603092,44.4985696318887,43.059025974221,47.782050039657,52.2748350974536,22.5332175143594,52.7777777777778,68.8208975459477,,67.03039710815155
1994:Q3,45.1653201032849,53.6010243206136,61.5633353866272,99.8933207294847,100.68433542385,41.416364574682,37.9823454165623,45.0612335463441,47.6753130852844,35.4813722861918,21.1660094155931,59.438007075359,150.316455696202,78.4431473141732,44.5749798080585,39.789907116115,46.8107432423901,44.5703467459365,48.2147027674158,52.4654858365209,23.1766560498948,56.0386473429951,71.803678763481,,67.20658505609902
1994:Q4,44.7669551033948,54.2246826216929,62.0773742487353,98.9075728059408,101.323544409512,42.2208686523987,37.8788871172788,44.4099040550471,47.8337670884949,35.7796233270387,21.4754538927565,59.4959444794706,149.750166555629,78.5323771879112,44.6483344918301,38.7519095391729,48.112111343786,45.964906899975,48.0672305161942,52.4941941506222,23.5627191712867,58.5748792270531,74.3164459709665,,67.257030059252
1995:Q1,45.2449854107627,54.8486514218568,61.8346356018187,97.9653173893401,101.830804371496,43.1968491225866,38.4946944639303,43.8312457909466,47.8281455931222,35.740724951085,21.5464543552166,60.1564310267035,149.267155229846,78.478707415391,44.1361045921427,38.7951594382121,48.4630601374009,46.362358747739,48.0215359906563,52.7731808043435,24.051732458261,59.0579710144927,76.3772766303488,,67.42828827754307
1995:Q2,44.8661135596896,55.4935597379477,60.8335752252855,96.9288543791192,102.208813004809,44.4082354107551,38.4853262138711,43.8873281018304,47.5375263056375,35.9164425709363,22.0097013140388,60.3534182377331,148.667554963357,78.3181225027726,44.3452918553382,39.2898153873332,49.1909307472742,46.8452366935099,48.2877116018244,53.5837962765027,24.4892706623658,60.7487922705314,78.2031002847643,,67.71371621196178
1995:Q3,45.1653201192325,56.1206660048743,60.3236549965232,95.6148161728791,102.458464708944,45.6548813172489,38.7818451312144,43.1855436373647,47.213081598886,35.6169489056313,22.6024070565243,60.3707994756361,147.984676882078,78.3480647113587,44.7313129715145,40.3851249889585,50.7423298823438,48.1411684080229,47.6803901640106,54.3819674666248,24.5922208281159,62.3188405797101,81.7824377457412,,67.99413284780223
1995:Q4,44.9064159879619,56.5878287615114,60.2759250576669,94.0498497100017,102.579406782139,47.2095016281329,39.4256903123643,43.1138367885018,47.5283246794057,35.679277823059,23.3245715825279,60.13904976743,147.285143237841,78.3896775322131,45.2941680132878,40.915113505874,50.8632830201566,49.9819670898667,47.54828299257,54.8865903542725,24.7209085352427,63.5265700483092,85.7052469833169,,68.19665121277978
1996:Q1,44.8260503970748,56.8563860883803,59.8912776844405,92.6052980960644,102.569847223263,47.9424184967379,39.4388409122846,43.7007013657305,48.0120087301862,36.4814063506561,24.2285732611586,59.6407879054068,146.518987341772,78.6689588272923,46.6718771430534,42.081088243088,51.7345425958526,52.4571311179983,47.7666631474857,55.506211657275,25.042627802949,64.3719806763285,89.7365209924578,,68.46932267776299
1996:Q2,45.2841208089804,57.0660263704147,59.6585195960515,91.6638486037156,102.425478558038,48.7525193003704,39.1121914283917,44.6422063191447,48.3292748584058,36.2934005670283,25.188704006465,59.0150636933806,145.819453697535,78.7453122619013,47.3331899154614,43.4590583870682,52.4440311502103,53.4285409848379,47.7863871435253,55.5472380453367,25.2613969050421,65.3381642512077,94.3101188591392,,68.42719272512939
1996:Q3,45.584812276154,57.2447562233684,59.4060606840374,90.8520716581524,102.136739979169,50.3777999559193,39.1021172138593,45.1352403080202,48.9898533733864,37.084049914199,26.2573421875536,58.215527168956,145.119920053297,78.9661016295856,47.916126433451,45.0136913700203,54.3483573804728,53.440592374714,48.4226936390077,55.773938336275,25.4029533828969,66.183574879227,93.2616260678088,,68.52038460932698
1996:Q4,45.6037205480836,57.4693205385991,59.0810610770519,89.5342971605907,101.682410420388,52.684830527343,39.618194368695,46.2909162484596,48.9473429311852,38.3101043386981,27.4344878041891,57.2885283779002,144.553630912724,79.4837082259348,48.4206870954124,46.0030032682625,55.9464427593371,54.8754767757181,49.126228730022,56.2833572570804,25.6731975677557,66.7874396135265,96.1540199755883,,68.75103814814192
1997:Q1,46.0828555839301,57.742676344198,59.6338918659039,88.6144427598204,101.014797760218,54.026481794545,39.8458483726659,47.986456680359,47.347171103089,39.1655123808287,28.2983665774596,55.8980302739899,144.137241838774,81.047101476218,48.6418687081731,47.4516385478314,55.5651427174054,56.0184854910581,49.8926270552136,56.7558445626713,25.9691792941705,67.0289855072464,99.064491345403,,68.89128080166272
1997:Q2,46.5381425965963,58.3861707742153,60.404320641251,88.1022906243548,100.495822063231,55.0275960257677,40.5809959093216,49.9407027172495,48.5582320433144,39.6809951600181,29.8612367776192,55.3418309963512,143.670886075949,81.308450816559,49.0716796119376,48.7236109884285,58.1257122986619,56.6229029193323,51.1633066977397,57.1762315833135,26.7413055368304,66.9082125603864,101.830343019809,,69.21752967603655
1997:Q3,47.5424422732089,59.224433299624,63.0073840057069,87.9262367168427,100.073690181621,56.4328238479047,40.8068641933331,51.6374891933049,48.6272768817113,41.0119742143735,31.7013241257902,55.4461182866289,143.221185876082,81.4382493025032,49.5051166196417,50.1369137002031,59.565264203492,57.0438760518864,52.0182563620742,57.9382657108913,28.1182640028275,69.927536231884,103.800786369508,,69.77308325327044
1997:Q4,48.3929388897864,60.0836379722465,63.2453947563363,87.6225102522527,99.7207365108761,57.3084416457168,40.5027881813745,52.8892094718526,48.842046240829,41.3248621231426,33.8186286221898,55.6083430391181,142.721518987341,81.4339368538172,49.9421793473597,51.2675558696228,60.5354694691934,57.8537820074096,52.8122217440886,58.7709875682119,29.5981726344889,71.7391304347826,103.059610430725,,70.16487231747
1998:Q1,49.7136260641953,61.003808758898,63.8205805808892,87.5375044279671,99.4129048763904,58.407007385628,41.1518483127889,54.629305673304,48.2694651762143,42.7694332485474,37.0486957443503,56.1297798134893,142.205196535642,79.0970245040447,50.1548540393129,52.4335306068368,60.9724660136706,57.1516437006543,54.3666695637048,59.6476047699759,30.5504616671174,74.1545893719806,103.547701902654,,70.60766212519108
1998:Q2,50.5788795051331,62.0103455586309,63.8693727109477,87.35027081624,99.2696917573208,60.3372763161276,42.6163637701878,56.1079201543704,49.137409724884,44.6460448172822,39.3862163445886,56.407879476766,141.605596269153,73.3817075087626,50.6903744613631,53.811500750817,63.1131786518091,55.5932481841598,55.5962107803474,60.1286021718405,31.1552938906655,73.7922705314009,104.306955303449,,70.87518529852545
1998:Q3,50.7585486882568,63.1842919973237,63.9511329119696,87.093590621022,99.2791601056299,61.3979433994009,43.5861022687142,57.2156093051967,49.9527001071889,45.8842011389778,41.6667359002439,56.3673234016189,141.039307128581,71.7873651177933,51.3207268644549,55.6134617083296,64.0719574632855,54.730957475273,56.9087363191717,60.9383519923192,31.9788952158958,74.0338164251207,104.379265151347,,71.3404555599456
1998:Q4,51.6005399805879,64.4382228670498,63.8814125556439,86.8337193365407,99.4474906092964,62.662096627153,43.798037841263,57.9651204616757,50.1054581301874,46.3360800599438,43.890254411888,56.9119352303414,140.106595602931,71.0168619876265,52.0459111612027,57.203427259076,63.159592249725,55.7925026372655,58.575701059879,61.7463319420553,32.004632757434,73.1884057971014,110.832919057944,,71.7388660980482
1999:Q1,52.506526448828,65.7601322539932,64.2732054761704,86.9507566520127,99.8037312274671,63.6393018273299,44.5430215336618,59.0224116129284,51.0158546820213,47.1156067663526,45.987372033551,57.9721900659873,138.774150566289,72.1052851161659,52.9991097010161,59.4293790301209,64.5356291675392,56.5688766214106,59.3893221880677,62.3979515557998,31.9274201333388,72.5845410628019,110.200207890802,,72.21537405024512
1999:Q2,53.5049303636051,66.9777266930713,65.3504807939719,86.9889372384847,100.104756049786,64.0781874347817,45.2459965083638,60.7634348052399,51.9938568330234,48.5998997707225,48.124648395647,58.9223638540479,137.574950033311,72.4323969329397,53.860684412769,62.0086564791096,66.8732106588491,56.9877412114237,61.0689701188365,63.1732343407745,32.6609400635421,74.6376811594203,109.459031951967,,72.82891630297611
1999:Q3,54.8136393791636,67.956364629302,65.2952675944011,86.9364406822376,100.382607673905,65.5153595596664,46.5523015914537,62.3544343179289,53.6468565949457,50.7307687002957,50.2326836522236,59.9188876142828,136.392405063291,73.2611454612526,54.7638176364005,65.2945852839855,68.2584513290103,57.1250310895688,62.5493400624049,64.0421876551458,33.1113470385967,74.8792270531401,110.778686672332,,73.57535102226123
1999:Q4,56.4816720918074,68.681027371368,66.5235842072284,86.9909081244907,100.653288856707,65.9472940703347,47.8810060825233,64.0622543995887,54.2069362999271,52.7255961597193,52.3114778035364,60.9617613221622,135.159893404397,73.680588894031,55.708509006589,68.156523275329,71.0110245570015,57.1234074274748,63.5884073050629,64.790937486446,34.1537174663097,75.3623188405797,110.326750124146,,74.22686556147364
2000:Q1,57.5337471147685,69.4109328807974,67.0458387999728,87.0919371515342,100.928347753359,66.9246960362893,48.7697965536279,66.0942426660246,55.4805668869875,54.7310442734472,54.8366569609717,61.9698726091208,133.894070619586,74.0553620883196,56.1404131457902,71.2304566734387,72.7855780509348,56.9331060459162,65.4297365895042,66.0314107385953,36.3800147989019,76.9323671497584,105.536222714496,,75.06451198582602
2000:Q2,58.6603533168876,70.1561160430306,67.7614088055352,87.7026171854184,101.064920164109,68.1811221889221,49.4123342038108,66.2183123909357,56.8958453192133,57.0158642204712,56.6667184562311,63.2676709739499,132.59493670886,74.1886214981532,57.3899607686295,74.0217295291935,76.2444493486346,56.4364300146579,67.8570103025733,67.0424543896036,37.9628735964687,75.2415458937198,106.729335201229,,75.84636557064586
2000:Q3,58.8687300718378,70.9929537795174,68.0747656426609,88.2151649323749,101.61485689975,69.9960771591035,50.2912006060579,65.8830221072771,58.4703483232293,57.367006564383,58.277288400659,64.9362688033821,131.262491672218,74.3070540921066,58.902806529672,77.1663280628919,75.6447989045491,56.4595597797629,69.7500491965191,68.2325098968158,39.2240131262646,70.8937198067633,104.469652460805,,76.56021595387008
2000:Q4,60.1076559300594,71.9401138510457,68.2764372890494,88.5031244153185,101.97714302318,70.9359271608045,51.567847456546,66.6754940544658,58.6467110199465,59.8024790738394,59.6683667940372,66.3267670516952,129.89673550966,74.2038209649287,60.6789508312858,78.9682890204045,77.8221221223735,56.4904161248514,71.2134625467609,69.3794899163356,40.8840845476956,68.5990338164251,102.842680887619,,77.29868135007803
2001:Q1,61.4438076469468,72.8298068441471,69.05006480923,88.8222503964025,102.283117028346,72.2786717675318,52.8900721557271,67.8570280599909,59.8325820396191,60.2722001507116,60.0036135442868,67.5318655804149,128.514323784143,74.102924941325,63.7761823314047,80.8055825457114,78.8029640675567,56.6740984551381,73.2988940447059,71.0905481077962,42.0036675996609,76.4492753623188,101.993040177139,,78.23152551089406
2001:Q2,63.5371047593457,73.6225330057749,69.8093570950478,89.3689689805798,102.303112182532,72.6460805866856,53.9861653259332,68.0721546862208,61.569149722883,61.6415235606167,61.2902448741842,68.8296639891608,127.048634243837,75.3277941891269,65.6558049371463,82.996201748962,80.7835407241255,56.6229029194979,73.6274163337329,72.2119860935004,43.1747257343884,77.4154589371981,100.691462918656,,79.00985980968068
2001:Q3,67.118742146598,74.3686732311298,70.3933954585864,89.9435390491677,101.748538145441,73.7501918792723,55.5123870090951,68.0299777623658,62.8467747097565,63.0767467353175,62.6919206917012,70.0115875835335,125.516322451698,78.3956060127109,67.3756071268665,85.1161558166239,82.0789938203499,57.2305326385707,74.3732069479667,73.3018199537275,44.8347971559735,70.6521739130435,101.324174085922,,79.80175007400096
2001:Q4,69.4515374248113,75.2077023275031,71.0767714710105,90.8597725610103,100.727691192626,73.4910807606424,57.3442480753927,69.5422422739662,63.4233664738923,62.5807812783134,64.2086409959767,71.6338355415112,123.917388407728,80.6253054715253,68.9355891937637,85.8934723080999,82.5112177429311,58.2270845706036,74.588495770491,74.3114623067646,46.4691310361647,72.5845410628019,100.944547385705,,80.32271175125005
2002:Q1,72.7550541122179,76.2819851053662,73.7240096779306,92.1121136964408,100.539567962287,74.5906158815601,59.8525515886039,72.6997268927788,64.41326748965881,65.4826078478168,65.4028498799543,73.7833139783125,122.235176548967,85.2801953913711,69.5526947090827,87.448105291052,83.3367757243291,59.5798398640742,75.9711028601493,75.3820126097788,47.7560081073623,83.8164251207729,106.34970850082,,81.47545739353966
2002:Q2,76.9133373079289,77.5197936376388,75.2572439225411,93.0300666999936,100.787269247485,75.4215952234787,62.5206580690535,74.3659703278784,66.3589631852885,69.8911113232733,67.3246815215412,75.5561992550849,120.536309127248,88.523211192616,71.1062616523261,88.6494125960604,84.6321212405289,60.9279947652145,77.5380925753858,76.5886448377194,49.4932921533433,75.2415458937198,108.500926469795,,82.71998360233351
2002:Q3,80.4026598999477,78.8379713436008,76.8120069626266,94.0247413417783,100.459452511274,76.1722013428532,64.7455438214274,75.2833844642129,68.5743834269697,73.756148535485,69.5365800136733,76.9988413071279,118.820786142571,91.7547117068207,72.8132336463616,90.168713011218,81.9047691640896,62.8221147411771,79.805496615064,78.0742915021168,51.9512273588863,78.1400966183575,106.530483120172,,83.96363192599644
2002:Q4,83.1187073707954,80.0634653212921,79.0832886623683,95.078542296243,99.8573476034678,76.5329302447136,67.1514579534877,76.5141723846475,69.9043471481629,78.2925503030739,72.0385453567341,78.829664032096,117.021985343104,94.3244724188273,74.6736098865288,90.0627153078349,83.386675735878,65.0357987106618,81.3361611203407,79.2896088100719,54.2289997748115,76.5700483091787,104.903511546988,,85.0532713078526
2003:Q1,85.4627507688209,81.1855913436156,80.9540616840039,95.7413437164798,100.461370407666,76.6591974785818,70.0039973669557,79.063382041072,71.6239323490022,80.8299179113424,75.9005247889521,80.9559675672063,115.123251165889,94.9354545461704,76.5716402658992,90.8400317993109,84.7721360891984,68.3132520653136,82.0899966289357,80.259332720758,56.8156226876998,79.2270531400966,103.85501875526,,86.00101447647573
2003:Q2,89.8715625806748,82.3245293853342,82.7134317714486,96.3304146001625,101.276727268704,77.5937370911792,73.3085544528955,80.5955824843045,74.1093640072174,82.148523314869,78.5546449364041,83.0301274659355,113.25782811459,97.5416616626291,78.7851254117301,91.8646762653475,83.4847706734981,70.7461985790498,82.9850067126982,81.1555930919659,59.929865199461,79.5893719806763,99.4983504317317,,86.99419181324892
2003:Q3,95.504376934552,83.5046058015804,85.1306588657168,96.9062416525171,100.895864326608,78.8364117589772,76.3462691043431,81.7889518306246,76.555301106543,83.4769260488603,81.0708530371873,85.1042874071079,111.375749500333,99.3137786298261,81.1983152299466,92.6773253246179,84.3381136551173,76.1477719436722,84.2233951736152,82.3625992738168,62.8510761510182,86.9565217391304,99.9683644415782,,88.09075647878727
2003:Q4,99.1567129087716,84.7483489567967,86.1219074641688,97.3455593229903,100.171636378276,79.2097578177929,79.3675389497737,84.8422578687983,78.7709489075554,86.1537225036547,83.4491490916502,87.3174971219498,109.54363757495,100.555690717786,83.8112101530158,93.6666372228601,86.2823863365281,81.1527311088954,86.2448562264046,84.8074152519452,66.9176076956523,77.7777777777778,98.8114068785228,,89.62658582440204
2004:Q1,99.0083175440572,85.9423932556692,88.6451886197375,97.9523830355696,100.261535739058,81.4047669219543,82.7945106350612,87.5251794746562,81.9222567067684,88.1907202620664,85.0642722461521,89.7972189381382,107.694870086608,99.6441769910938,87.2527655940674,94.726614256691,92.3416795699901,84.2826888336936,88.4722407530533,86.1323187736444,72.6442106616352,84.0579710144927,99.534505355474,,90.8053002874363
2004:Q2,97.6743648719715,87.3456269074353,92.229492234675,98.4151803395039,99.5074301374563,83.7481391709977,86.259539245083,89.3324476127285,84.9373490015301,92.0141896081802,87.4168485506999,91.8945538137389,106.029313790806,99.725075986953,90.0134865785702,95.7512587227276,91.406927060527,86.4828902409679,91.0356554078514,88.1357583233516,78.5767139594343,89.0096618357488,101.378406471641,,92.30527179162817
2004:Q3,98.0213298163476,89.289012740105,93.6590241796496,99.0039409408229,98.6323714346481,86.4657418167515,89.3730458541244,90.199870907504,88.3629235073841,95.100460914411,89.8816171517159,93.6384704696035,104.513657561625,99.0760721228195,92.722328423363,97.1292288667078,92.6836835054589,88.6294167533096,92.5084210290361,91.4694894218871,84.6636425055099,91.3043478260869,100.384146065839,,94.23546853583505
2004:Q4,99.4356346737105,91.9019601897525,94.1793592875602,99.3372323821177,98.1600991573003,88.5786540154141,92.7309931335569,92.3389527377119,91.3843584339419,96.7494790474852,92.458578048787,95.561993064259,103.081279147235,98.1773631227795,95.3792914604518,97.4472219768571,95.3154811373291,91.069594850442,94.8235022120439,93.5458660453018,90.0813949745972,95.1690821256038,97.8352239346222,,95.57606649447088
2005:Q1,99.1479626306465,95.0656178901046,96.4234620886981,99.4421972978568,99.80749531009,92.1127184236564,95.7395676970392,96.1702444479387,94.6268333308581,97.9547966918375,95.1781640838647,97.6825028197466,101.748834110592,97.8843514308796,97.6991827414551,98.3305361717162,97.3297837103319,95.6142709298722,95.8958666806286,95.7022557498402,94.1607952900851,97.7053140096618,97.6725267772961,,97.16982587067463
2005:Q2,99.4857296501728,98.3662846228511,99.3164838658401,99.5280897575244,99.9799685537116,96.6603161429801,98.5566941176882,99.1807315607556,98.2713426684499,99.3709945529644,97.5064894211552,99.3974506893738,100.516322451698,99.2029551702865,98.7347969902154,99.567176044519,98.9214163362889,98.3441884900114,98.0889764168289,98.6651112396635,98.0214265032516,99.0338164251208,99.6429701269664,,99.10444526183177
2005:Q3,99.6992984184267,101.668760382175,101.287553648068,100.137161907633,100.518312430158,102.572105374357,101.413381993636,101.416098877936,102.083086271419,100.665684872716,101.565326830996,100.625724288438,99.3504330446369,101.262971987322,101.773237160632,100.768483349527,101.013054979554,101.029906525163,101.254691831268,101.593699901226,101.972139111382,100.241545893719,100.908392461679,,101.05762266729194
2005:Q4,101.667009300753,104.899337104868,102.972500397393,100.892551036985,99.6942237060384,108.654860059006,104.290356191635,103.232925113369,105.018737729272,102.008523882481,105.750019663982,102.294322202441,98.3844103930712,101.649721411511,101.792783107695,101.333804434237,102.735744973824,105.011634054952,104.760465071273,104.038933109269,105.845639095281,103.019323671497,101.776110634058,,102.66810620020034
2006:Q1,103.058023194763,107.934050962886,106.723891273247,101.675700057391,99.9979107600079,115.23215910648,107.188841103106,104.446164497876,108.132765092022,104.200691230787,107.732242587497,104.409038169473,97.6015989340439,102.593073875801,105.710516367359,102.888437417189,106.798580435214,107.293894476188,108.826002992149,105.69931898101,109.577582601459,115.096618357488,102.589596420581,,104.27765413541812
2006:Q2,106.73118890557,110.762304985364,112.637100619933,102.245158115986,100.161173721183,121.398599158574,109.484010506475,106.056892586457,111.037989995364,106.540568437865,112.074254701309,106.019698651672,96.9353764157228,104.803887567443,109.051825627569,104.125077289992,109.922974576571,108.50290804302,110.869990175857,106.671686556393,113.425345043742,112.31884057971,100.872237537882,,105.65845831728949
2006:Q3,109.767109802012,113.415023380331,116.102368462883,102.497114820498,99.4005688757054,124.733492829947,111.427144553018,107.52311650775,113.553043363281,108.682290254834,119.027766851257,107.161066100399,96.3857428381079,106.159726031846,108.553564468239,105.467714866177,114.527492039148,111.296018803516,113.365990225626,107.513178503069,116.861306823783,121.980676328502,100.52876576121,,106.76202968539789
2006:Q4,111.568734425999,116.026828419806,116.833571769194,103.044758553441,98.9262533003809,124.959172897255,113.424348116353,109.142047154743,115.466816399624,111.982505464675,121.639266892881,108.644264248075,96.0193204530313,111.067898687791,109.442624841812,105.962370815299,118.550936014845,115.228762901597,115.701812321011,108.754464348326,121.365376572468,121.980676328502,97.8352239346135,,108.05375630180771
2007:Q1,112.9728195255,118.637256778179,119.408679065331,103.833633602097,97.4943569649149,126.670198263541,114.939993777394,110.76439694929,117.062945391968,115.214621918396,123.747345237313,110.463499359357,95.886075949367,114.911852797315,109.237458427644,107.128345552513,123.466679094812,119.863856615796,117.611221611658,109.153846894501,126.667310105086,130.434782608695,97.2386676910882,,109.0163711077678
2007:Q2,117.460042051718,121.029254846577,124.908599586711,104.132926175035,97.5407529535315,127.311652063408,116.131765090963,112.343485478893,118.56827275769,117.861746409461,124.533941634901,111.830822643197,95.7195203197868,115.103907314816,110.048360492078,108.40031799311,127.012923199192,123.372095321695,122.309370385878,108.975342902295,131.18424862459,131.642512077294,97.9617661680852,,109.8034708037981
2007:Q3,122.351874033353,123.112023485206,127.833412811953,104.452606369363,97.5522572729874,128.124306122133,117.273911134377,113.409904291827,119.957958681483,119.88258437431,124.471013923248,112.798377799237,95.6195869420386,116.000775422126,110.566166875689,110.060948679445,128.767319386823,123.956204696188,126.767066249283,107.72067726754,134.362834990075,131.642512077294,100.836082613871,,109.99392277662757
2007:Q4,127.188357181703,125.009194787795,128.437450325862,104.853468622958,97.824480749247,126.419260696,118.621985826896,113.868069648944,122.049472060649,121.162509975413,123.778809092781,113.945538819951,95.4530313124583,116.871018019666,111.592006199441,110.449606925183,129.97317263537,124.390906243813,128.776414947498,107.542393895676,136.100119036192,134.057971014492,99.5525828174648,,110.4561872704841
2008:Q1,128.194126539864,126.647575407343,130.472103004291,105.507331463077,98.4911155629385,125.08834195316,119.355461834948,114.461804730723,122.102601006153,119.574994528012,121.009989774797,115.579374047507,95.3530979347101,117.955875388033,110.751794751757,111.756911933574,131.00880419821,123.271425231938,128.177010155474,106.778678576724,137.477077502244,137.681159420289,101.68572332445,,110.39410401678778
2008:Q2,126.795537637522,127.839949941653,132.379589890319,106.718437294823,98.5247276381343,125.139509977294,118.859609976462,114.725770318652,121.545256577935,117.083749455957,118.020923464975,115.892236120758,94.9200532978014,120.182718895295,109.774802691321,111.862909636957,130.805888353813,117.923843494399,128.299982239572,104.007633407251,138.442235305223,137.913378004832,104.28887784161,,109.15949610045836
2008:Q3,124.02984263701,128.391346820847,130.217771419488,107.96426369272,97.756633060161,122.190382610355,117.526503811093,113.085134047601,120.617250291331,111.242445578085,115.220640289187,115.121668437312,94.2205196535642,121.848355494612,108.416785780161,113.09954950976,128.37377184684,115.572889294013,129.081089254448,100.711830165039,137.644371521576,140.357783853906,109.296334794466,,107.08942990019536
2008:Q4,122.028303164493,128.340564330153,126.084883166428,109.015983448861,97.6299570898815,113.156797424257,114.574897016205,109.990993072518,117.388408559731,105.040174778172,110.123495633799,114.125144767878,93.3877415056628,121.484973553994,108.641492446176,112.28690045049,123.08400215872,113.272982081904,126.18246388396,99.9352088655875,136.627738635021,137.681159449169,110.272517738532,,105.54574567973225
2009:Q1,121.211875692258,127.992201480851,122.492449531076,110.396128182506,97.6357896359699,106.471108284242,111.381948640246,109.190195580613,113.064680978931,101.015050802429,102.635097931439,112.334878401717,92.271818787475,119.763263801243,108.797812216711,111.509583959014,124.572281247592,111.883185225422,125.253773455765,100.677699451903,134.440047614117,135.236753600093,112.315270936034,,104.69006319091054
2009:Q2,125.959523060133,127.844534056455,124.304562072802,111.755532899649,98.300442134927,106.072930702199,109.076524642579,111.345250881524,110.50652373168,100.94322679052,95.7130496354289,111.164542411071,91.3391072618254,119.518201492268,110.106979314022,108.682978535465,128.304047019428,114.170062845476,128.509068149727,97.918369069917,132.947270212953,128.820188246272,117.25041804134,,103.35571290134453
2009:Q3,132.000193336631,128.311600913704,128.27849308536,113.168329593628,98.4202287759678,107.295023774308,107.811604779805,114.334668682885,111.268558708208,103.671563128179,92.126170062857,110.307068439086,90.506329113924,120.802446863784,110.3512294022,107.199010688101,131.966720701706,116.806445868084,131.003145091329,95.2822791991419,138.004697100693,125.923567315117,123.884846567518,,102.77151148728181
2009:Q4,138.903074178524,129.321175211089,131.870926720712,114.80056301847,98.9347169441548,107.438120618593,107.12067610964,117.513484102169,112.616881816866,106.959334962273,90.4271218429243,109.577056840936,89.6402398401066,122.293604936304,111.93395487366,106.315696493242,135.155613224423,119.25393836465,135.066411101928,94.7146482663884,142.881961201013,125.874679198135,130.356577936397,,103.20412621822574
2010:Q1,143.974013684107,130.78478765255,136.003814973772,115.974030024016,98.8282644349124,108.052964805778,106.202403224629,120.281216316162,114.438505630426,108.796454901114,86.8717061279018,109.049826245466,88.7574950033311,122.997537803797,113.389672416781,106.13903365427,137.50890893376,119.070645869379,138.586255007849,93.581054398465,148.196763503846,122.855837974528,135.345957427552,,103.225775285933
2010:Q2,146.302543335124,132.405904649866,138.865045302813,117.149447872393,99.4635859545869,109.813841674187,105.07654814385,122.466860299528,116.320247902203,109.314376214458,83.725320539063,108.60950178212,87.9247168554297,123.315443795421,114.376435040421,106.280363925448,140.145158113856,118.061671293525,140.006840084692,92.6565757884417,149.329215325898,123.063612471699,139.991865142114,,103.1415782074146
2010:Q3,145.144280431083,134.051772634136,137.561595930694,118.556501228937,99.6418823939664,110.564736707676,104.13632238643,123.509262078488,118.463096962188,109.570937399983,82.2150554541659,108.348783340685,87.1252498334444,123.464759742333,115.871232695945,106.351029061037,140.555952265425,117.390762139956,139.849505554823,93.5041300699642,145.429977802217,121.63363504999,144.438920775517,,103.43370138530446
2010:Q4,145.457737266572,135.676118363453,137.052932761087,119.952606362897,99.8844084673315,110.601644038801,103.243409884137,124.039692163331,121.140684436317,108.534698404266,78.3135373244849,108.012746232574,86.3590939373751,124.338966668046,118.049922235112,105.149721756028,143.754055986015,117.241350633195,142.124271262756,92.9484884600515,145.738828298337,121.328084318855,149.175215799705,,103.25690236266743
2011:Q1,144.11365874744,137.144916574401,139.786997297726,121.067607941039,101.300078831282,108.783052446783,101.286776818008,125.119879495768,122.450945250002,107.929664652512,74.7266577519141,107.786790207711,85.6095936042638,126.469626071277,118.35279188654,104.619733239113,147.738846876284,117.257592734087,143.228229517983,90.4006953686984,147.939388089955,120.448098213188,154.562299453092,,102.41884768136421
2011:Q2,142.40114214795,138.467653551705,144.015259895088,122.196153359533,102.197263896601,108.848445156387,99.5866815702346,126.282073027106,124.527004496802,107.382048237215,70.8880673331155,107.184240954989,84.9433710859427,129.248634894121,119.222314212849,104.160409857786,149.230525772708,118.5400148319,142.445413643896,88.7585239968796,150.564617314898,120.826981119795,158.250101685619,,102.00563553942439
2011:Q3,140.250205495602,139.634450513319,145.000794786202,123.301572716388,102.441628017962,105.962918542184,98.1628231269325,126.317001284361,125.765632235637,107.369045040209,67.7731455987975,106.239860931174,84.3770819453697,131.356615775139,120.199305559775,103.38309336631,151.244780903927,120.255534973264,141.110675568748,89.3973837218276,151.645594054256,121.572524903763,158.810503005303,,102.25085362658533
2011:Q4,139.042535006448,140.674660429929,145.064377682403,124.654811882607,103.15364697688,103.179531584747,96.4002764000219,125.665701962311,125.580580609689,107.209144728711,64.1862660265972,105.301274620308,83.7774816788807,133.091212217716,120.726877850071,101.581132408797,153.992728000481,120.633534793601,137.96540253598,89.9211982103829,149.22626516071,121.218086055647,157.183531432247,,102.25435273582835
2012:Q1,139.226083153019,141.541088420912,147.385153393737,125.877313381938,104.066201899413,102.820670371618,93.8664871648543,126.564053588437,124.73509499307,107.462166332858,60.4420671761409,104.258400935867,83.1612258494337,133.794305430033,117.131555900427,100.3091599682,155.857872751882,121.450278109772,138.148928934006,88.983675146251,145.85464723538,120.484764300924,157.997017218806,,101.75366204621525
2012:Q2,139.753762764516,142.057979088033,151.549833094897,126.603213083932,105.297976445972,102.935392088696,91.2423158977707,127.627172794196,124.190950681222,107.999110489675,59.2149767959695,103.203939739905,82.5949367088607,133.900256715515,118.460258661032,98.3658687395106,157.773460444235,123.526138155958,138.333640324016,88.5480522639042,147.514718656677,118.675903972609,160.021692954323,,101.64691202212764
2012:Q3,139.970544098135,142.352475737152,151.390875854395,127.78999773075,106.650045092877,103.298708026509,88.8106270325616,128.383970672542,123.733160060658,107.905322402945,59.8442539131467,102.224797140421,82.0453031312458,133.781222146671,117.737288064697,94.5146188499248,160.85050130046,126.098697692887,139.354010950254,89.6509933207137,152.636489398903,118.187022802793,162.932164324183,,102.02922414649315
2012:Q4,142.668518823126,142.5668802246,150.309966618979,129.396326484823,107.825940902483,103.787901512886,86.9841249599224,128.404557921962,122.974767158036,108.219938257276,60.1903563273674,100.880648843365,81.578947368421,133.471744632928,118.753362457735,93.8433000618319,163.14674687645,128.781268996994,141.030419611773,90.5070322650518,156.883183733988,114.459303882954,168.210783206016,,102.38442081317274
2013:Q1,143.974013815592,142.709884883561,151.200127165792,131.075040142311,108.471685832862,104.767570642477,86.1726227387134,128.817769653734,122.211022966456,108.895745744985,58.9003382369032,99.0150638169713,81.1792138574283,133.17598834131,124.908402338477,91.6880134263757,164.700575985809,130.693611505488,141.813477458875,90.9836649915922,161.142746838971,112.894884139546,173.308627468591,,102.58916612356576
2013:Q2,147.138557782281,142.622931571337,155.20584962645,132.596073984185,109.582088827244,106.193604906367,85.3729626215566,129.682248039917,121.461786094221,109.706133350972,59.120585229302,97.6940904823535,80.8461025982678,132.856015082157,126.393434266768,89.8153873332744,166.644877831081,134.76315754973,142.545263757787,92.3394266005255,164.4114145995,113.444875455587,175.062141275398,,103.37921694933077
2013:Q3,151.576493328186,142.40669757212,156.191384517564,133.690728913055,110.041769082636,106.08401903905,84.7144423691845,129.84360359023,120.802232562542,111.01875339426,63.2423503488272,96.8250289614751,80.5962691538974,133.020561324239,127.946852548876,90.168713011218,165.829811422155,138.969886683694,143.526701241475,93.7894408709503,167.023775053976,113.298211104642,178.406471731341,,104.19039270887939
2013:Q4,157.590836982747,142.138980211305,157.27229375298,134.494538428545,110.573206888634,106.829750960147,83.4360227783966,129.334955876261,120.70913914818,113.041812552472,65.098717847397,95.7126303453689,80.363091272485,133.614444288625,131.014604186211,89.8507199010687,165.532123307804,140.572760827213,146.474703642018,94.7579364977408,170.524080687218,112.149340355578,181.298865639316,,104.90291585772397
2014:Q1,159.753900918478,142.047204041379,159.783818152916,134.553515299917,111.470931734168,107.687921036573,82.9671113653578,128.870883582739,119.91616692612,115.902228410302,65.8538503906101,94.4032445556716,80.1632245169886,134.269933959824,132.509403735116,90.3453758501898,166.165472074717,141.094385072449,149.675132676487,95.6185620916354,174.938069040913,112.100452238596,186.50517467337,,105.64020307192438
2014:Q2,162.74416237109,142.160527702291,164.266412335081,134.949248267255,112.753817732156,109.934515949109,82.7159429085401,128.971735242214,119.872516418173,118.65408144698,69.5665853860943,93.4067208148035,79.9966688874083,134.659705176166,134.707634459184,90.9106969348997,169.43828470587,144.086802789856,151.993988011576,97.3907481532984,179.480745101724,113.053770519735,188.638315180446,,106.96294754189401
2014:Q3,165.559564678959,142.378311877496,165.601653155301,135.456911094283,113.573309153365,110.080334817796,82.722723944644,128.540053239614,119.105900913219,120.948567985315,75.5447180037913,92.6361530031934,79.8800799467022,135.350085092962,136.583458498202,91.7586785619644,171.860625810932,145.657061796165,155.417944505731,98.7838208191666,183.379982627217,110.902693372549,187.734442084416,,107.91717044757891
2014:Q4,168.608249460393,142.719308916732,166.460022254013,136.12976431929,114.290303676657,110.601644278295,83.0249259874355,127.716205357559,117.65202197844,122.660612897924,77.5269409259558,91.9293163767057,79.7468354430379,136.420870850748,137.794931969525,91.8293436975532,174.88384968163,149.507676522414,158.984446713327,99.7505124122166,186.674387928747,110.010485237637,190.192976906069,,108.62050545468243
2015:Q1,171.763372523757,142.92067036832,168.844380861548,137.025012974461,115.807374484127,114.137028136933,83.0429132447248,127.320033640565,117.044664663297,123.735156652735,76.6459529626073,91.3557358328972,79.5969353764157,137.218830844534,142.455176390345,92.5006624856461,176.034065583057,153.76147505863,163.359881353627,100.755621143571,188.154296561038,111.171578015947,194.09770868168,,109.45881805282276
2015:Q2,179.882460267747,143.314391061154,174.344301382928,137.689161679861,117.630172178351,116.571616246915,83.5799111629226,127.559783511801,116.690210361911,124.914077600556,77.4010855036848,90.7995365256764,79.4970019986675,138.646809594501,143.060912976617,93.2073138415334,178.376377456004,160.172117708544,167.928686904014,102.511265893307,190.676575620144,109.203831307442,197.821665838072,,110.94053007883429
2015:Q3,184.436711000153,143.819651957745,177.618820537275,138.176343220719,118.830564077425,116.740861119971,83.9911447707183,127.550269828351,116.850049068391,127.423775210691,79.4776999921526,90.2780996862611,79.4470353097934,140.674710850035,141.400030810124,94.4086211465417,180.538777481413,167.349803392905,172.505691935319,104.13844167506,193.84229321465,109.240497395178,200.569440050641,,112.3062454578113
2015:Q4,184.227872227095,144.387076481001,179.748847560006,138.728065562748,120.259646365003,117.53706094159,84.5626738311745,127.46670496433,117.091809517644,130.583922414759,81.176748209853,89.8377752358714,79.3804130579613,142.319123286404,141.937378171828,95.0446073668403,180.424719981046,166.17644749236,178.78874514367,105.262547091781,196.313097191795,110.13270553009,204.691101369347,,113.34757725011785
2016:Q1,184.471069200702,145.144959927871,184.771896359879,139.108264130112,121.892371746721,119.369322585477,84.9118350810086,127.820469381534,117.378391311189,133.501249756161,81.0194289311635,89.4843569061121,79.2971352431712,142.926373202003,146.832099676785,96.2812472396431,183.362963906417,171.50349502648,180.472657370594,106.316920466376,200.045040696854,111.831567595197,208.704297916545,,114.46813007601943
2016:Q2,188.242605582966,146.096032670605,198.378636146876,139.561005249097,124.41422178565,120.312527343525,85.1981422753276,128.709662643753,117.381025649837,134.944140167883,81.239675923988,89.1483198493437,79.2638241172551,142.823776127994,147.506231501802,97.3058917056796,186.090230847673,182.532651249691,182.855064515769,108.352577233342,201.164623749665,111.293798308401,212.3559452253,,116.29716880041796
2016:Q3,191.987569547186,147.191387744861,205.786043554283,140.170757644462,126.576420291865,121.705980710006,85.3936621285653,128.979588957979,118.418671864635,135.972454863548,85.2670494758912,88.6755086041541,79.2971352431712,143.527188934193,152.361872485271,99.7438388834908,190.504510056346,188.482575229122,187.158714218782,110.193370855725,203.493871247816,112.467113115957,216.965698015894,,117.94113710816825
2016:Q4,200.544799575736,148.292088649551,208.551899539024,141.084834754371,128.723811911614,121.67397614333,85.8884621810273,128.598410621751,118.918514454133,137.654825022498,87.375127822303,88.7520698638312,79.2638241172551,144.45961812193,151.863613123908,100.839148485116,194.158900545869,189.167016215637,190.107700821278,111.299812300888,205.850088657393,112.100452238596,218.610747051064,,119.1666654874924
2017:Q1,205.697111984168,149.401020623328,217.135590526148,142.153062616712,130.803183174765,122.289672984947,86.7424605773299,128.247804993298,120.803557100997,140.002302885487,89.8163085712243,89.3968347926984,79.197201865423,144.686198762232,153.241481517411,102.782439713806,197.000947638342,192.111725476473,195.15851268314,112.14950267857,208.233588266907,112.100452238596,219.11691598506,,120.59526438270208
