column_a,australia,belgium,canada,switzerland,germany,denmark,spain,finland,france,uk,ireland,italy,japan,s_korea,luxembourg,netherlands,norway,new_zealand,sweden,us,south_africa,column_w,aggregate_pdi
1975:Q1,14.275584290410105,22.52505537851755,19.627858037443097,38.83998421179307,31.539546817053463,19.89040128019198,6.745940824599193,12.961796185558939,16.84077930008061,9.326193243141086,7.926221892920595,6.322540832150622,37.416130096710965,2.336486197726296,12.250917909223269,30.946625376083137,11.31837126169688,10.631636598624695,13.730653818836837,18.052461003579626,3.31808656346957,,19.394028922091273
1975:Q2,14.523110087418027,23.7750685792168,20.205212520459515,38.810331896902355,32.28644483977049,20.75039666820036,6.969657793920849,13.325427232049947,17.283744898443068,9.615056101788028,8.168743643137253,6.683387478634096,38.48211551542588,2.5444650933558446,12.22004844272148,32.16052338732563,11.826433769257857,10.970385775141654,14.19083543466983,19.03537313642679,3.492967846986436,,20.141426610878405
1975:Q3,14.928880470728798,24.89812206455097,21.055588086933145,38.81596495565843,32.882996276554486,21.58232153343106,7.227415339540527,13.672879317992882,17.75123722257137,9.945040375863424,8.430366223703599,7.046517604335722,39.66995105383454,2.74965203460064,12.553111749920506,33.313812970592885,12.29399367482109,11.30785380517014,14.652525205765452,19.024817381021354,3.8433955523157612,,20.51201065593497
1975:Q4,15.377398087563437,25.916879621834088,21.520481556433538,38.859373637572546,33.326675810152196,22.38134775117995,7.52495641146479,14.031896186825156,18.237046095180464,10.211827375804742,8.72140556230083,7.4246429030091114,40.94338305022707,2.952027820198224,13.249510790911403,34.39129256065268,12.780355598441378,11.64827517008408,15.121387130257576,19.44429088281128,4.0113015154990235,,21.035328710034474
1976:Q1,15.722173962829913,26.907117809428424,22.07423818632714,38.93130789609208,33.66275229997657,23.197897070117467,7.826861054127015,14.379046677527706,18.765882561654156,10.754853844185215,9.03583476472043,7.807742324353306,42.19995934982482,3.1512745966811253,14.062474795018806,35.380762974498175,13.240734036938976,12.01999410203514,15.591223969281382,19.852293355422713,3.805797531857402,,21.55821644800159
1976:Q2,16.142971102836196,27.64217707732889,22.974147978444385,39.05558020603197,34.01651098426948,23.95160190389053,8.211614489822896,14.723811960245923,19.288234452937495,10.954385457186179,9.392827161266563,8.201995862304654,43.37289514062137,3.3489200743992997,14.796462424763673,36.26952973736742,13.710656148774856,12.339836732516638,16.048664633805927,20.090432538146082,3.905513221058344,,21.999487049560162
1976:Q3,17.323997092590563,28.25864946858417,22.66281844314117,39.21797536349501,34.46492285896967,24.67803097411856,8.627578716470381,15.060843667567708,19.83888702886965,11.452198936360936,9.778857041535593,8.59759025817955,44.43305034684682,3.5448098390122036,15.327330684745784,37.10184006537312,14.139795803235279,12.655428539429115,16.49640964136589,20.486513770420327,3.969633737829401,,22.488471562353922
1976:Q4,17.64746360455353,28.766311824943674,23.670404918430382,39.41887413878439,34.94551904916531,25.364641945524095,9.079173732799656,15.402263954376238,20.407065992581174,11.694013639372127,10.189375655234748,9.007435685228437,45.469017152139685,3.739068795843663,15.579698359667313,37.87380441518724,14.586439552860961,12.978955037583937,16.95882453289038,20.866994004563896,4.071672298617923,,22.986108160613846
1977:Q1,17.917342335212233,28.897388811536683,23.883952694604684,39.659186795343075,35.502144436339094,26.022955190716992,9.593576897788685,15.610361361502253,20.942012805778383,11.913869024222068,10.688084068273438,9.442350432379241,46.34823176233698,3.8328777277215096,15.696438512678395,38.36096040833364,15.009788247858667,13.22291051635933,17.375842388041583,21.16420593747645,4.589859089051629,,23.398582212797262
1977:Q2,18.249284346894445,29.2760462263935,24.694884336029357,39.93335548623942,36.018777531957234,26.688715826848203,10.105873607143378,15.988093479652008,21.573205837403876,12.292596778117757,11.103822141296876,9.857833288897188,47.23065480943542,4.063504525929235,15.851405248940393,39.04068764274229,15.433638437755356,13.56083268907156,17.822462899941574,21.66735639647219,4.540770558741769,,23.933889913525142
1977:Q3,18.269102427348514,29.68683570610347,24.93564591106244,40.236036532816854,36.54576295244285,27.355387139532624,10.627640729022767,16.405248771943082,22.26371599168044,12.617282514075104,11.53853209290739,10.26543002974385,48.147915636368545,4.330551279302766,16.10682577951609,39.704037302576424,15.914086019129948,13.933711631564567,18.29587396830837,22.221260563826732,4.450004674674533,,24.469016668958098
1977:Q4,18.921050582074518,30.121613718029884,25.754084219021564,40.5708621146539,37.02161851303452,27.99029652561982,11.159560403258936,16.878427509864586,23.00440203125207,13.352455580428074,11.965568216369773,10.677158988624582,49.15806911513449,4.63318670042742,16.41140990994046,40.408982320628525,16.271934393041953,14.351724745477386,18.783635512651433,22.891349280156692,4.581741555437362,,25.12773259343819
1978:Q1,19.674401181014545,30.723732220485363,26.864485191090193,40.92551464027565,37.48046454664153,28.718949137959807,11.772876736741805,17.37983939897183,23.994808282972716,13.750365298868731,12.425643392958102,10.94894458087795,50.163545446565784,5.068385180093202,16.804667641046777,41.0648817368133,16.559723158492915,14.744207551683404,19.36348840105433,23.314053193734466,4.733098991921828,,25.694595385462545
1978:Q2,19.85185203571904,31.161145871053893,27.16225818797109,41.31762224700842,38.04763645770821,29.352528907447024,12.30738938057668,17.934815740005092,24.746722075276484,14.513511020385394,12.885378876360653,11.410223721138344,50.97118772456877,5.400763895551612,17.209330822883743,41.7230921175786,16.811548225604252,15.238957157655953,19.82995596320912,23.95822718230643,4.42208005569079,,26.29577432716999
1978:Q3,20.759253150917537,31.62459540881011,27.62663882766289,41.725175017516705,38.72919374987332,29.990247662554186,12.814948601914903,18.511501972865297,25.479484329788495,15.012655657970079,13.35794620431102,11.91863015116091,51.7869275232859,5.72885011439943,17.486035819117053,42.2996248217363,16.621523627553938,15.804164455821095,20.28737998416221,24.47153909568086,4.940354843857048,,26.867247763052386
1978:Q4,21.075093489366967,32.08189308057574,28.507174530619913,42.15782064860057,39.453732787214754,30.581702972436375,13.29422249598958,19.152330797405817,26.1836195247429,15.370898939971031,13.822739686879913,12.484346117209684,52.507609668129504,6.053355105694103,17.783436480549224,42.93039045698623,16.909516782037983,16.45763771740153,20.719092724461493,25.0143772731418,4.8880111596992855,,27.433149254136858
1979:Q1,21.80692900147494,32.39016073156024,29.048358895467235,42.54583316164313,40.25942932256479,31.220068340924417,13.68446217989323,19.80875310519581,26.673661827446765,16.090369805429074,14.304650170479418,13.08051427820024,53.19612687925829,6.414042868117786,18.115315985645125,43.95423428672006,17.270356136087358,17.30364398587264,20.896277881140485,25.646332285085272,5.286339681085661,,28.053903663311726
1979:Q2,22.099911286104508,32.939519470150735,30.447150426210296,43.040374267452464,41.05384882815448,31.82102263046487,14.147127898305436,20.522267613072998,27.38405685121163,16.73340756393425,14.78551054169648,13.756231051776565,53.89012131703375,6.71502333050336,18.58549642989022,44.268606128873564,17.73035425122419,17.98551702298811,21.37613127689086,26.047434363831552,5.115223967922367,,28.603324746128383
1979:Q3,22.363306563506118,33.61202454679421,30.79594271865674,43.55877433107645,41.802397143244605,32.43858641896279,14.605048220779002,21.247934931070695,28.15314368659265,17.79904183817462,15.299694454767216,14.490684740251293,54.43213542962413,6.99684993030668,19.14431485402886,44.21793088199721,18.339662619504768,18.65060431850498,21.939538920122175,26.72839042310996,5.791451049941627,,29.24343775258593
1979:Q4,22.86237594323081,34.356826629933565,31.920150773469114,44.11532111175288,42.42530717723977,33.013432127450656,15.053976200596011,22.03298728274114,28.965333035566573,19.357706035215283,15.807210478824137,15.297075403052304,55.12589462960623,7.259969120396417,19.787376218300825,43.998571515615076,18.93913232710913,19.32091082277699,22.585247285082488,27.45207090530817,6.048186322917531,,29.972959153189844
1980:Q1,23.614142533777162,35.69755938534481,32.73029537259123,44.625350869592516,43.54082664175461,33.60696799379959,15.438739341433221,22.9733023313217,29.756667300632998,19.52663848923347,16.09107197846715,16.17554758756005,56.272326922320424,7.327328420556748,20.580600879390477,41.941043721170594,19.58066390454553,19.679360157502934,23.60160515858575,28.231412420025386,7.2976819884052855,,30.708455482401245
1980:Q2,24.55669126175074,36.47795287230263,33.70457787192576,45.27113645018282,43.63877984470732,34.24211950228121,15.91451434642805,23.761067832453744,30.670756757722362,20.318853365068367,16.73068894983155,17.08850740972801,57.5520266281225,7.625888394047005,21.426757383796915,41.711542441555224,20.288562427806234,20.40233766436116,24.246155722495203,28.40234229144789,6.666887511147208,,31.207320891487587
1980:Q3,24.99414525130237,37.24656812871763,34.48525367835634,45.95378600454303,43.968399265217585,34.939398230138295,16.410733497299823,24.485735838861803,31.67200115284082,20.972466498933237,17.487883342223675,18.037992261027117,58.82488690157547,7.976088224653583,22.230796175471593,41.62331952308656,21.22767543703577,21.212619901930733,24.92280257849905,29.24681967770164,6.517638117293502,,31.98888021986955
1980:Q4,25.81431162103661,37.94004756179874,35.606082116652225,46.691199644455125,44.504786950320124,35.63820968549095,16.920692498567945,25.19436035417001,32.73764790594853,21.363085445255237,18.34870292849424,19.041638395840838,59.96558639662791,8.376326896637256,22.9055194379264,41.895950379226655,21.944584808940935,22.166598033956838,25.541670286220654,30.483770013847465,6.920060940607141,,32.95378907695731
1981:Q1,26.239883250977222,38.63188606845884,37.377078498043545,47.59720357440824,45.28941359199625,36.166644036389016,17.458384749544273,25.556075266300308,34.0774638135136,22.143578164736724,19.98664333086504,20.261538494109473,60.96794362114756,9.034838586690231,23.741974961131216,42.726404757205096,22.61544144240168,23.329629426883887,26.11510184696883,31.060257213289656,7.185894498957114,,33.745599419054244
1981:Q2,27.23223963283617,39.22623015816799,38.35511106315712,48.373013765486775,45.9509596934047,37.08675575174444,18.020444311493534,26.30085715137587,35.188803017968965,22.259309681246613,20.797374950131438,21.26355087212334,61.99119914106018,9.449708485530014,24.58414544736529,43.266653531665355,23.270153764440796,24.345842955223333,26.665049289642063,31.473193505913105,7.291074255283096,,34.36262213226621
1981:Q3,27.80824215948015,39.804125143029005,39.391405385472694,49.120026898090856,46.42136113889611,38.18445511437212,18.60965512036197,27.105527365366648,36.31482015966862,22.634604693846455,21.4844153757941,22.21461845366998,62.97457543011383,9.830928230041794,25.693869285546903,43.69535871503952,23.812106084327795,25.308629555949608,27.195652150540592,32.59171970000729,7.661498493807203,,35.2504283550224
1981:Q4,28.914277823195174,40.31266607562944,40.390673996437314,49.85828065399796,46.66301356695313,39.39573023641073,19.21300332892417,28.000271648400084,37.43450073271884,23.296746942135712,22.004629952977236,23.12598131535533,63.81105534103605,10.179925247733044,27.159426467384954,44.247942135933286,24.422507847272364,26.313481809110655,27.706867154342458,33.04438963395676,7.993042308190993,,35.86159017959637
1982:Q1,29.33765438538241,40.6949543743824,41.87377379153896,50.735515094882395,46.71702596867723,41.92434331693479,19.97096374604494,29.108744837885787,38.74871983542842,23.704382010200717,22.082535402181403,23.79233621541684,64.5625968406593,10.437388901933724,28.677706758481722,44.82605137697324,25.022154552466503,27.592476562529384,28.011930890645818,33.40182951678425,8.382578041205372,,36.40316739261667
1982:Q2,30.6209473250938,41.160698192338316,42.314109750050015,51.37464466711644,46.875768121450754,43.05973368099461,20.584713474890748,30.07150567809886,39.76612503123529,24.371652469452833,22.458458605689604,24.695407474727247,65.32993569081499,10.745069614692978,30.06114838495394,45.282689280172065,25.617997812614725,28.37642097438178,28.533642162933035,33.848656090036435,8.475404923186879,,36.964938107228825
1982:Q3,30.834208256268422,41.65171917178947,42.774902480931274,51.908916965672034,47.0644290448717,43.97053705970019,21.189778730778038,31.011873948845924,40.7234002709655,24.499645914615222,22.849404245845594,25.639122327441246,66.02134238543047,11.042719657801706,31.39371400280595,45.50044323224135,26.12977328205879,28.91004859374497,29.106085038673463,34.43083431094251,8.610538542114352,,37.508422929755476
1982:Q4,31.675540133170394,42.12707139044594,42.58384821580688,52.36177016505441,47.16991688474594,44.584369891915394,21.76467199807509,31.961160349481073,41.61075205115334,24.818199433532104,23.219982882545192,26.637330197743577,66.72357589896922,11.331278028506496,32.39556202523985,45.687442559350224,26.726369580946194,29.30493553027446,29.720144394480815,34.832546977323155,8.957656639180748,,37.9728308495998
1983:Q1,32.33775011632931,42.665545784056846,42.59541034456331,52.39241830722883,47.22074397104286,44.09670539106258,22.42929663857496,32.99964709898961,42.34751348905277,25.33333130061394,23.557344780290318,27.818841740740893,67.4085355939438,11.529500956239954,33.40099664172321,44.97474069255332,27.340595974309053,28.54881983309226,30.50072456695663,35.31837742006552,9.543482556519503,,38.45693353566546
1983:Q2,31.697061135589447,43.15110631452944,42.55084336596627,52.79816311952707,47.46398594148543,44.6224454907029,22.956635821790716,33.89053081087942,43.091293350328286,25.83219963266278,23.95288156969803,28.815198236278665,67.99913924300054,11.832335484831408,34.14356217862377,45.158456172220326,27.975269316145276,28.93397224722477,31.166578155478685,35.805719770955214,9.611666762891954,,38.923264632473696
1983:Q3,34.22664009604551,43.648648777282226,45.756514720352484,53.2189109217648,47.84161718186232,45.3096232502089,23.46166985932881,34.69572551584821,43.79713449416923,26.28391692652366,24.41079583642518,29.76217385634474,68.58768501141252,12.157435131364236,34.84234497233929,45.35256462063731,28.679215500776696,29.439733157310865,31.849970848391134,36.71554734633886,9.847433612679914,,39.756117776070255
1983:Q4,34.187961817782934,44.14488597588059,45.22393911738956,53.680295083278125,48.347116601975195,46.08542443524176,23.90972339118806,35.471797829946915,44.46312223983133,26.432538158778645,24.884204163966018,30.666091575441552,69.28250013095352,12.504273517051702,35.24140068061744,45.70104649697056,29.291290935962966,30.15811508913578,32.54230446450162,37.618799668924666,10.24063587698782,,40.39562418806528
1984:Q1,34.9351138544673,44.625089155201465,45.414775027101285,54.170839718393516,48.99176391551168,47.888083836972534,24.240837900762784,35.952175667458654,44.884505349525085,27.402460197550976,25.585512491742325,31.42794329800619,69.83579289611072,12.964022133355614,35.70034963669955,46.17946499682374,29.87302155555169,31.17489411443991,33.17466601543036,38.700324461047714,10.00212127128944,,41.17398832005796
1984:Q2,35.67937852023287,45.15393726398651,47.218072443875826,54.69022312461657,49.57340089815427,48.644723416872154,24.67991366269234,36.669844750857045,45.515614357107864,27.5083073807429,26.054193236931567,32.301466719283816,70.50608776562821,13.318058710162113,36.11738601686272,46.658704551351185,30.44528987015781,32.15882365570847,33.89067395675791,39.64464790051347,11.712824103300484,,41.95083980706265
1984:Q3,35.68560975628735,45.69285740117202,48.04254294754368,55.20726495678355,50.05827748254187,49.25614800485811,25.161644159217555,37.395151067782706,46.192743770268066,28.257250544586473,26.527090237153466,33.198652888341755,71.32453474902914,13.66057913286114,36.40246055905163,47.08917693437967,30.843238317260695,33.18037859623187,34.653459893067584,40.4616943590207,11.706400844208849,,42.65591151594609
1984:Q4,36.49852556832693,46.25315544422816,48.813714391437486,55.75061676620344,50.472122720949145,49.64716161665885,25.637246583130402,38.148161927278935,46.914625023695756,29.22547891577532,26.955975789700197,34.12431064521565,71.96241379225202,13.9909242399326,36.86797114750694,47.558134038456856,31.43988109766922,34.31804663428031,35.472539882065604,40.98093719274365,11.651077940327028,,43.24814260577702
1985:Q1,37.51493210093031,46.82226000083273,49.24958334973156,56.30570448905349,50.81977703967302,49.114444329158395,26.074044361053282,38.9816502556718,47.81252193932782,29.73082976884278,27.45639695240819,35.210974080589466,72.8197233140522,14.120460638685632,37.22354011992028,48.110102294064305,32.080236520766604,35.52858147120773,36.46320693191575,41.23295105404166,12.462798213385915,,43.73862946742264
1985:Q2,37.74961949145531,47.44220498758092,51.09354729737629,56.882555799190925,51.21716930276886,49.51630354037464,26.657559080122468,39.71735028427591,48.51306865048091,30.36597369134104,27.81217394492752,36.09810227597692,73.64300501609115,14.501684507038377,37.777084701043364,48.56835851844787,32.756805978003094,36.848142050796596,37.29620963781734,42.259757974018555,12.650090519588879,,44.569399567019644
1985:Q3,38.34668881841755,48.06300804838454,50.83864784193864,57.44499460027108,51.64822321774571,50.09398233737551,27.348339408398576,40.41909661030722,49.181108814103574,30.800922475894176,28.171271236094835,36.92236728986865,74.36856267755925,14.942882390868764,38.49436371736105,48.96004625511536,33.60226687231124,38.23973766721666,38.124509264557524,42.146684784377186,12.381783276121809,,44.847363048471735
1985:Q4,39.684596657493486,48.71856570501274,51.51178317891725,58.01845768450806,52.114317516178644,50.79640680581175,28.08434320738248,41.10284304586859,49.82398484676614,31.488976049013203,28.480687733121684,37.69904964980342,75.00789134258203,15.443495196733892,39.20228422964101,49.317718640754364,34.29413150969009,39.73184260702639,38.917766788013864,42.795327120945124,12.966411870668447,,45.49960361595205
1986:Q1,40.217687225862036,49.72063141263686,52.08380269415231,58.506788904478675,52.61593908100186,52.491905252028566,29.303624143781008,41.45908632653811,50.39324011845956,32.173703819880146,28.6124237462176,38.1779914370783,75.40072635468572,16.103713537904174,40.05322625433699,49.6738410709173,34.975918709659425,41.12933295350868,39.87823415274623,43.41451942718553,13.554976579481185,,46.10200157179881
1986:Q2,40.44704519334644,50.303472972370066,52.72053262103385,59.131508853963034,53.09644672359846,53.218206951371606,30.074046403356913,42.177057108883915,50.94584165923244,33.0739433911555,28.914960822977317,38.91487888996153,75.5839229210215,16.68029160067579,40.83637283537959,49.9334224838912,35.644673683292936,42.895401421868065,40.61464512041183,43.80999786540741,13.96399886151099,,46.577798497759055
1986:Q3,40.95496988079777,50.74075805297906,52.872676058724664,59.77558403777969,53.55155146323968,53.79447212523966,30.83490691768205,42.992414459175436,51.45960055149425,33.47047820771571,29.285040431682283,39.661137748985766,75.40552506395514,17.27421198352301,41.17453704200028,50.12176494335081,36.26340062708321,44.861329983598296,41.32116452158879,44.22773722222937,14.462909771670416,,46.96866664964577
1986:Q4,41.92090232718049,51.073200628465905,53.47508881198328,60.44961292992726,53.97637450025386,54.20987892889699,31.52304604362733,43.88054121360125,51.935083458003454,33.82676630461446,29.691523052050915,40.42252162628186,75.51382113848847,17.885180802034228,41.39477181561844,50.250549015021576,36.89040317177118,46.83843224716287,41.9453197643643,44.450046867827844,15.06899582022759,,47.33293002513646
1987:Q1,41.80499960842163,50.78164609163676,54.694513433532364,61.140686132579795,54.36894081016687,53.754469700925874,32.123266003088105,45.1451569696272,52.06341803580757,33.99517612180007,30.32412377634521,41.12599376275129,75.8248231867983,18.469201481428613,41.40236282222823,50.09851201397149,37.517558908388274,50.01245195908289,42.38076069433642,45.1754232123561,16.79036309708124,,47.883581221104016
1987:Q2,42.97006732952035,51.095390590719006,54.98954850814608,61.897621514579136,54.85111538744856,54.171754257785516,32.796330165201745,46.03241019975645,52.56921146331981,34.59751099128164,30.741173644164586,41.94574722997285,76.30153813173995,19.133385462805443,41.587160917364265,50.18476911589326,38.14479353969234,51.867022648151355,42.98601422263944,44.94396680915624,17.21989689067822,,48.12762276993534
1987:Q3,44.1641869423892,51.459346373167115,56.043119928593704,62.68978430852797,55.40851781838393,54.69728912037733,33.52209707278051,46.8936518465395,53.161408157416005,35.33608840999753,31.163160274512446,42.80595511988427,77.07899155420607,19.833375149585812,41.75513615776878,50.29950764694243,38.74456006243304,53.64623265329281,43.63209792998353,46.084255010881094,16.491511674665674,,48.999962780596256
1987:Q4,43.82321153924879,51.90902531126852,56.823907263288646,63.50860940116856,56.02473678410981,55.36340533778162,34.239343547602736,47.71234403216237,53.84169799539107,35.81709328070768,31.563948470538165,43.71624415461349,77.99697373283134,20.568094049873288,42.27170387280462,50.42150660405787,39.353921038840966,55.01226277666961,44.25628111456315,47.026336396954726,17.484480960482504,,49.78641625426764
1988:Q1,45.30412534932658,52.32861485983667,57.073187502530004,64.38756190354576,56.726325482893486,56.48721918560751,34.967539961213554,47.83400865660187,54.61780158203491,37.26753892194539,31.7585809818665,44.62601167644008,79.0577861522337,21.458256558531243,42.76904791703044,50.10401497559797,39.96027920720935,55.99319015937005,44.92266639540343,47.91501872571978,18.37557551899666,,50.65707603302197
1988:Q2,46.076420008323346,52.990905271284674,59.066747515801254,65.29228670196842,57.43786292115471,57.29756629421217,35.75439823670663,48.77129018652226,55.44079307763176,38.20242657029964,32.22056075365998,45.62375085462091,80.10501584176458,22.2129354538665,43.58927344281883,50.4611848621618,40.56561124023727,57.10935201182713,45.66072270436148,48.77433117801144,19.114312850619385,,51.55466000355024
1988:Q3,46.109354759147344,53.75477982449376,61.00066882172131,66.2388832264838,58.19975715918631,58.075764957615746,36.612974993093744,49.912851919277266,56.33358885045122,38.89712203649615,32.77462234481428,46.652233740071786,81.27076143108783,22.953528472223745,44.49405075065306,51.00060562099039,41.13238911185499,58.043873246379576,46.45473259623496,49.619822200522414,21.4533158487457,,52.46629781497099
1988:Q4,47.71485903093844,54.642806476481084,62.441858448173335,67.20133579307566,58.86579417798057,58.87495080868261,37.49513010091378,51.258640639827256,57.30488451777651,39.73231626368177,33.39026162655996,47.73337939481498,82.33804448633082,23.682041864004105,45.80878050902028,51.74432192460243,41.750602252440295,58.7555667400315,47.27372958870639,50.440495855382956,21.07107343622284,,53.35296841419135
1989:Q1,49.39394630328463,55.78906169209052,63.35933854316895,68.24390931542905,59.5764317858753,59.926958329343144,38.40750542611594,53.595423910182255,58.6251269709543,40.9103356471031,34.52773970518929,48.94364160843487,83.42822738897658,24.148524006714705,47.24753596511201,52.8740958182225,42.38844112420859,58.86148441779196,47.89657507184762,51.50709956284105,21.84382553176127,,54.39913229059857
1989:Q2,50.793847262535564,56.87021012329621,64.62413818808,69.2887650467363,60.46084843485139,60.61385992578906,39.41594185156216,54.992502850780646,59.62045264366455,42.04529408697427,35.152558166660015,50.062960163607265,84.78513648260873,24.94788918269306,48.58501761704971,53.91969689894313,43.03807382972664,59.50455119444005,48.93601989773186,51.84949901806723,22.235245407686584,,55.186076325911635
1989:Q3,50.96402811319163,58.00470646739355,64.46563132558049,70.38308334677099,61.50841231997753,61.136104544640254,40.512194828756996,56.28225412172455,60.57772841875907,44.179939526092184,35.72417528028916,51.15609701493938,86.30172139219565,25.82710693469674,50.062988271269056,54.98653765297286,43.68249948958809,60.27954315120204,50.20008996948627,52.33632691967375,23.961085076536694,,56.069408912612595
1989:Q4,53.219941417874416,59.20141606832419,65.35693547632664,71.48463761184195,62.4382331822327,61.53783673504798,41.66522733819315,57.45339201393922,61.50039643046795,44.46929949710461,36.20315287697372,52.25407328819736,87.77329399643249,26.783754201294506,51.295436632302774,56.12307665189004,44.36761938596509,60.90342834075095,51.63172305468457,53.0453505722088,24.166091160233623,,56.97974406055801
1990:Q1,54.44465588879697,60.740225713419996,67.15043687588201,72.72410001744467,63.723898880760274,61.25412060297147,43.158592325899164,58.25409528390763,62.39361701744734,47.5609811176358,36.5121769417087,53.15997118161098,89.43177355802608,27.648648692473042,52.775321805335125,58.03547003884159,45.05291001281625,62.4041485525257,53.61228193833943,53.84182181239203,24.454638403180795,,58.18419477817816
1990:Q2,54.969926707537425,61.95068236352244,65.47515245791195,73.88811662153395,64.94096295986594,61.64607402254233,44.37295445703573,59.2676593730636,63.23585905143428,47.58785947911295,36.9139358727294,54.3067642627732,91.17695274416923,28.837336117608697,54.12843146377006,59.05379494775604,45.755366464355475,63.05792987280371,55.333083894008055,54.655009303289845,26.24964369772491,,59.07318741674111
1990:Q3,54.80230106972526,63.10303635672813,67.04156069437293,75.08969547656457,66.12444890696776,62.12077762055196,45.56574662372735,60.3028613060859,64.04732525136723,48.284160432022425,37.32491168358982,55.492055423407805,93.02875184542856,30.181412066677137,55.73601200880007,59.70093581747116,46.43789976773349,63.44932263821936,57.20474598047553,55.25069265904702,27.469218526186417,,60.0237598004106
1990:Q4,56.125599348582206,64.17844166274513,68.02951357411287,76.26595614091258,66.80561813148074,62.69545197061136,46.71775260832653,61.30395917470898,64.81514263707206,49.75855390025593,37.709988309670976,56.75006100268623,94.67550522199511,31.67821332640745,57.769941494189695,60.10506082441518,47.152542495997714,63.706377329910865,59.15385718071839,55.46821745528491,27.87091667251806,,60.807057328755185
1991:Q1,55.19850646105765,65.16877716775929,68.85304018704917,77.9513070759761,67.81404550083622,63.7320411881453,48.02216057547886,62.920697344901846,65.51585335286978,50.53618188253489,38.192336920828765,58.45458400792114,96.17437491769661,34.056324397232046,59.53479316999429,58.94477541496085,47.86206506681374,63.99296278041229,62.42794484510567,55.88684411457982,28.684668131790325,,61.63481677065451
1991:Q2,55.79532814032347,66.16087926716224,67.78209861800612,79.00506650647138,70.36763198249665,64.36796277998513,49.07106271762849,63.6725108752534,66.22247301421285,52.11268002568457,38.54718858982368,59.65329897257631,97.49000183809365,35.554097898581695,61.14343417294076,59.37546501582399,48.58969692914039,63.849748488050324,64.16798375322497,56.52244082294062,29.59239487472693,,62.60158297726417
1991:Q3,56.5908388198693,67.13527538777055,68.51783211993747,79.94948460491638,69.87495361580503,64.93669283721925,50.036792341711624,64.32584856391337,66.92763847250797,54.47225192828094,38.91832581446071,60.71890935480973,98.58966684526294,36.904947345426606,62.45001296350723,59.84126081483035,49.32983943191283,63.68186954435061,65.65243405429591,56.923522400483535,30.1643684371217,,63.296239508363236
1991:Q4,56.23635591304801,68.02749813716744,68.70930170487335,80.70564133764627,72.2223330841443,65.43097855501414,50.902909801944844,64.76962259235478,67.59651348724977,55.095793153702274,39.25284628621371,61.68938960879466,99.56328461430503,38.11049990024102,63.000291729330876,60.48264853747248,50.073850663611466,63.258070344314646,66.79616603447886,57.60579857028981,30.30890497616378,,64.13725908711176
1992:Q1,57.4303285842996,69.07215395626116,68.89490096335966,81.30560606803105,73.89007431859758,66.11488220285504,51.52259101149499,65.11033842706563,68.43424240889127,56.501788397921395,39.400923320463285,62.59233267703831,99.79397379609355,38.84296645529341,63.660310228564505,62.149951393349745,50.79641993823859,62.49465056824504,67.2753224397611,58.80538457026749,32.97864080913858,,65.14616863503575
1992:Q2,57.06556688991223,69.87084042238534,69.42590740200825,81.84818425706385,73.9362101752177,66.44457722769958,52.29839456233308,65.13623288353389,69.00754465131125,57.186737788029184,39.80788271526293,63.272622505788114,100.09203949592954,39.89965198145099,64.07605141190469,62.89774681251205,51.52269397006821,61.9847981735825,67.982681679043,59.51681408443645,33.68128276095886,,65.71348243532167
1992:Q3,58.434826012813986,70.62778340869285,70.94055679677085,82.34119501249546,74.62069875135167,66.64754045270944,53.06054431843871,65.11080749022906,69.53718780494476,57.38521345083482,40.33192847929827,63.74309547433252,99.97081410338645,40.95029175425134,64.88461695167877,63.276712645422236,52.44297530582813,61.671820260319905,68.6752708663666,60.047134702486495,34.45886903364463,,66.23293459657758
1992:Q4,58.3935864102482,71.22015937185579,69.83323753222153,82.6989236987641,76.88822466911753,66.68683447809535,53.79262908936451,64.87288198110394,69.95958325955272,58.39104409399541,40.92897255347075,64.03957334639918,99.96980387764188,41.99389072743844,66.32723140955181,63.459426497240145,53.07278565275516,61.41647923265787,69.21238378083656,61.10826397147765,34.97420051297496,,67.0011200382229
1993:Q1,58.55158803096414,71.62587018652698,70.48426295269745,82.99213822649935,75.40430707700614,65.92886116725494,54.775187656377234,64.43475700859307,70.2781591137294,59.257172320028,42.303777597477136,63.27091480656403,100.54607033742647,42.553479000414,67.51949000608224,62.38713834064003,53.561970630866135,60.97749683344621,69.64385746050367,60.34349347420837,35.00903194990767,,66.75730134621422
1993:Q2,59.03013749091266,72.2199923366961,73.17594483103298,83.23512497178437,76.75422456699476,66.02562216814582,55.40085681173792,63.89807292065593,70.61358897706377,61.06261119294721,42.82429310258272,63.551294859225955,100.81362045688009,43.77398542043368,68.84725796321744,62.65376534676849,53.95188953164917,61.05979353834258,70.05438601345566,61.47367350045027,36.46682537396179,,67.71927885237871
1993:Q3,58.71458804030301,72.8954435915631,70.97624123978078,83.47433889133846,77.81080765426901,66.28120257532767,55.933769773735236,63.40527230968781,70.94706448431552,61.833701829801214,43.24948363624112,63.97001373290028,100.82074135445008,45.1732702029761,69.33668598984738,62.95116471280404,53.73803953413919,61.21497027159702,70.49725867772818,61.66225780829792,36.58869447563747,,67.97412571560183
1993:Q4,59.66419232735211,73.49792217775571,70.69809901607815,83.62507952887665,78.15794482612851,66.64594372000988,56.3530915291379,62.801796031072286,71.21053254890177,62.8329471462607,43.515935532325834,64.55890224747718,101.2227071526532,46.74942686371359,69.27650077352683,63.40240988887003,54.1265792356291,61.80286723859293,70.45770824179611,62.74932710427207,37.53247351285394,,68.71205942204827
1994:Q1,61.002820079507984,74.00558195701392,71.22116862808271,83.485054982237,79.4838478561854,67.16257980452649,55.94547986714963,60.86330657856768,71.22461400049515,62.47816114203685,42.86643697064309,65.44031202944295,101.8380594715139,49.17342555237746,69.45815825191103,64.37071721918181,54.610356037006916,62.912405244009335,70.35680340949392,62.589719463070736,38.142647651453316,,69.00056843314164
1994:Q2,62.244365392372984,74.88829194974043,71.56361781862587,83.71311111569722,78.84110470492249,67.93227793554439,56.48840332242764,60.61647420802834,71.58834158868977,62.35954380307503,43.18827703661679,66.27907710203354,102.10991620102216,50.82611502661371,69.54830703610828,65.11562827996926,55.17043804382045,63.70944538753258,70.86744018062092,63.83796255553332,38.49713608667613,,69.70476245317023
1994:Q3,62.006807269911654,75.98430360545638,71.49763874058416,84.08514490694564,79.59008452986721,68.92365532101206,57.26012176101168,60.920961955576296,72.08350019799826,63.70176536761463,43.761780594252436,67.162319490402,102.6641715629274,52.381593331345485,70.43671853255145,65.8050882673489,55.9933672516422,64.49303117326197,71.80180992282673,64.66417205541491,39.61858719625472,,70.47220702465361
1994:Q4,63.05682130029916,77.14066903329517,72.19388917254336,84.51868714325462,81.0709407695002,70.02853738255304,58.22076459692699,61.661441411595064,72.6024350622332,64.10342004077906,44.532636474833915,68.15213051842954,102.89444785593102,53.83702630007231,72.36573123642098,66.51276518436507,56.65203520666685,65.39775420003777,72.64460156454793,65.66758964390388,40.81269318264269,,71.34389588389477
1995:Q1,63.87186431711347,80.03265043787506,72.4427502066578,85.85878458550874,81.03109374098723,72.61188207254563,60.34261615834516,64.9361674702291,73.8436871945867,65.56191195129034,46.31577903743501,69.32871857356815,102.84977714495975,54.739934194564874,74.15761985202963,67.28414502757755,57.31102205353074,66.55470255941208,73.56868065620324,66.3520152818116,41.977133715452496,,72.10722664081528
1995:Q2,64.0384195661603,81.10726556038436,72.75967074479178,86.24393337544758,82.24793104792471,73.76918206683972,61.39298318338523,65.82039091569386,74.43147331546898,66.04295569958688,47.16766684450687,70.42786701540354,102.93294293726528,56.19715379319057,75.8790454151482,68.0887036259106,57.96342814879602,67.53791153948866,73.68515356071842,66.58973912905633,42.5765026747851,,72.60428727941684
1995:Q3,65.81050240420242,81.83510551707072,72.60353356299113,86.4982008685914,82.28185458669446,74.7057273875326,62.35551919133026,66.47561681697006,74.96227770081704,66.80170673316229,47.981274522900556,71.4752613642865,102.77244864338162,57.75545889742894,77.22479170145343,68.84450254957177,58.45661196868547,68.42377300714398,73.65591400607022,67.20164842373659,44.74931380525669,,73.16319129618397
1995:Q4,66.64745173751223,82.09997429485048,73.07641817844565,86.54973880420185,81.87247920961605,75.27122128201736,63.16694976424538,66.75773460874173,75.27864538585321,68.3672591325511,48.70272649273918,72.5811584465871,102.45360431624692,59.410987141629874,77.61215974126195,69.56678189390985,59.18934195325021,69.36868012324503,73.85415064953236,67.71778002702622,44.026019099433825,,73.62348664692628
1996:Q1,67.44994989394382,81.05998973604127,72.80328344230108,85.81475167937361,82.77701385570275,75.3839081995704,63.866258061435055,65.43500654525704,75.48781513171716,69.37429028196378,48.919733431511496,74.02658461735686,102.43364918760818,61.832204796717605,77.83985937707895,70.16127831723674,59.943337945377145,70.2001761530443,74.3481983807707,68.69977694614865,45.10594370428735,,74.37420940402464
1996:Q2,68.08192161357009,81.2237885774603,72.74131388765375,85.84412966516506,82.89498304119199,75.82144606748564,64.4721653652138,65.67437494339997,75.83422467387302,70.98218484020173,49.64490616675514,75.00655098375364,102.62443169666206,63.396469013930954,78.31568750732198,71.01830483784585,60.766471802317795,71.07123150393734,74.1301971979203,69.69623238268069,48.04148600477422,,75.13979632131706
1996:Q3,68.11556952564153,81.40410641896429,73.01692005243913,86.02302231661136,83.330629829537,76.25312831185872,65.02775728046579,66.27050854498407,76.20898084976528,71.48865849475087,50.52922287313502,75.7295854326646,103.07301565636637,64.77168086976722,78.7842104660051,71.94993762436596,61.42419734350024,72.02019408692125,73.81190366288637,70.40753794933228,47.94762290757033,,75.72271896161973
1996:Q4,68.85054016414065,81.63698576938319,73.92371639739939,86.29430075170038,82.78533037534366,76.4832137370372,65.47100314315624,67.01039747448478,76.44939092011671,71.6847549087831,51.5096852593096,76.3384679850478,103.60958990403607,65.95689428444949,79.57271547333524,72.92950998142564,62.400894423625104,72.87647633050724,73.5973541416937,71.07888916485022,49.256511528199425,,76.23856230218185
1997:Q1,69.30475251918999,82.304063965961,74.08173970402656,87.00455824607666,83.10477781824949,76.68217482393534,65.45530025122706,68.98951875513453,76.86367929517885,73.18286224939271,52.608627981975985,76.48842541199896,103.78926443963798,67.11331377355272,80.76707366535875,74.38529299995368,63.42818168499046,74.34965526683965,73.71431970380992,71.77013866240267,51.49255753286103,,76.84654187623414
1997:Q2,70.45352718249514,82.85161100344784,74.65747497818518,87.45618279676337,84.41170222358244,77.1664082885458,65.92370039417673,69.94577639977096,77.32239154900229,74.63695986146348,53.80844439930004,76.89406142316379,104.1932584004596,67.90080089025756,81.78123273410431,75.43907239159678,64.61301813517339,75.07677202439226,74.15495035444275,72.32792532964032,52.43116768841199,,77.52942470331044
1997:Q3,70.86269255231323,83.29028109753999,75.9187974888378,87.94913156120177,84.26853110749899,77.76432543965774,66.52567747202094,70.92662282871152,77.83491669308879,75.19426940573686,55.199075263991595,77.13278878544406,104.56181204907982,68.48729507151386,82.94019532228054,76.47899833447799,66.34202001635558,75.53784315803713,74.72636148633131,73.15522460714025,51.90730362560642,,78.12899691802296
1997:Q4,71.08054586895847,83.80320297540513,75.91747380623579,88.44255109943448,84.649090358325,78.29253388030692,67.20406113170962,71.68945178868626,78.23490168992015,76.30090120928314,56.72459149077845,77.34780078169351,104.81745991796211,68.86917348308188,84.19677424648276,77.4218976819691,67.46107055957673,75.89666824895063,74.9657726917373,74.2377321464994,53.154283068542604,,78.8447521832766
1998:Q1,70.7241455546211,84.6946179760786,76.57586319173207,89.08933699528569,84.89831866558627,80.2015596458016,68.02953774399992,72.19534587829745,79.30544050589009,77.04032080123864,58.90981083560882,76.98425274733225,104.73116196144436,68.08857837684923,85.71787866649551,78.5594564323593,68.38650791258098,74.78704514929186,75.23677784414676,75.82746358845895,54.361901424490796,,79.68656762061165
1998:Q2,71.10068336638125,85.35249013833601,76.87939137282054,89.65607076062248,85.26265910684081,80.76035680093528,68.93174883582137,72.76384896972496,79.90906252254032,77.36473407716761,60.49849740583314,77.15125519525107,104.5452076365533,68.43099221859727,86.83200127021873,79.42413530968857,69.22930048142013,75.24644584330133,75.70098415092781,76.87820926137108,55.493859143127075,,80.31479212956475
1998:Q3,72.70192350716842,85.82585871806053,77.91655821427479,90.22712570483912,85.87195134736652,81.0554339496513,69.94936567457424,73.78174389483016,80.42201248994036,78.41683378639173,62.063287709391545,77.46965339911993,104.21146483036263,68.92899917332151,87.62277642245117,80.2850848999275,69.11154776637049,75.89951441322627,76.34608249973272,77.6976211164452,55.49714704295332,,80.94361676349475
1998:Q4,71.17581879104921,86.399410919634,79.05013030389641,90.77720200498251,86.07343028928273,80.91321977423677,71.03554991513471,74.81387056686134,80.72542216530502,79.00730582157512,63.58145229348973,77.93316917924781,103.96169870526757,69.58984658200698,88.07890762153795,80.98340803167653,69.90001622924743,76.89097209644297,77.3108491124733,78.28341922454217,55.71805193765606,,81.37326785313125
1999:Q1,72.36292274507153,86.71952530799692,79.14669682062322,91.19822930848231,86.31726539901723,79.64571850421424,72.5534531795576,75.69169264338038,80.86501865288743,77.77725490794096,64.90626045946179,78.69693155102233,103.90992316736849,70.87757275758595,88.38269435033149,81.43802930379003,70.72283893349923,79.7980189393547,78.27434851330709,78.80654513345148,57.44193424904697,,81.76574677341277
1999:Q2,74.57952157159887,85.82310915954272,80.58625687715609,91.88316328412925,86.07373790084796,79.82662378312331,73.6602606344542,76.64785187469226,81.22444226504768,81.88444066227059,66.41295878949389,79.34463614435941,103.73395554777424,71.66546841792345,88.57337250914081,82.20166642287766,71.72083723605795,80.78988630117617,78.90382317440634,79.2051024043992,58.974810817833536,,82.42982482866822
1999:Q3,75.19850112099446,86.66253223146789,81.24251185805991,92.63411113924822,86.65303280658473,80.20986440032915,74.79446031331103,77.4721948014389,81.36046378117493,79.89445707006729,67.96520379370588,79.91879033968644,103.35407868496063,72.52529803616648,88.75265118358892,83.15236232360249,73.3904666921371,81.44636895991992,79.92400015992848,79.86183864795771,59.29421422558926,,82.7919457359237
1999:Q4,76.42327905850098,88.19871016995715,82.2671857947062,93.45269537159423,89.66139099116248,81.44408384336445,75.9732987161135,78.7724342803045,82.39349386341812,82.2944834414649,69.53541804318866,80.40566389423017,103.05669883201524,73.2995045597649,89.23827994298873,84.08339394484223,74.29891278337998,81.87473580171194,81.12068071493955,81.3335995799237,60.5409745868323,,84.06307959972597
2000:Q1,77.94129148152423,87.968959683466,83.55217163035707,94.78566119429266,88.24812671865854,81.64045819648652,77.27926838834985,80.02922037583012,83.69902211940294,83.14065734468969,71.33076409548457,81.17857390514015,102.63703344244794,73.93347254930623,89.02601112758873,85.08829542234886,74.99015961632253,81.01137669231132,82.29087574821297,82.66790221897548,63.073074476463724,,84.84467470009632
2000:Q2,76.72017085763221,90.69178213793859,84.45746835970827,95.65394865304206,88.52196943076304,81.71668700660697,78.22200399989093,80.64757227256693,84.8524298083856,82.99818127880941,73.0058213361432,82.09866785886791,102.12645163904021,74.60965294702946,89.00750989555647,86.63785944665685,75.41481244460907,81.35010095817883,83.32649080795528,83.60752424783824,64.86977779602299,,85.46845977901899
2000:Q3,83.14246156113174,92.3985543421533,85.69388713595083,96.40846976821558,88.94976634517097,82.69228425528476,79.18102856545462,81.1485133420018,85.43920107625486,84.75900839168493,74.66689385704164,83.66050502667399,101.74665502671124,75.36128965404994,88.96807463742901,88.40643385375407,74.15656716486043,81.74009374340963,84.6304519640726,84.67720029692384,65.99188355769333,,86.45586726436385
2000:Q4,81.13542374773775,93.5751397461178,87.89030683055944,97.07478489158156,89.65814651705288,83.88188373990316,80.2918003898889,82.52058796983692,88.20306753514096,86.22556247537294,76.23066766656727,85.39038237639079,101.15533591133492,76.19460765371889,88.35924361955993,90.1955780195894,75.03553160869174,82.30295507989295,86.3062979906621,85.03953064220163,66.62265993280282,,87.14498712368085
2001:Q1,81.90892052203104,94.16418897489451,88.55067280732075,98.05102335194113,91.43587969952222,84.77313177780655,81.3788100002397,83.92200899157582,88.06659715077316,87.58274522740369,77.9907226685597,86.45014783625177,100.39941789620397,77.00895154681038,87.80499864683433,93.7246557202325,76.08455348550811,83.70775650511851,88.1213860106203,86.0885475963472,68.50730596089512,,88.01468310844794
2001:Q2,84.48248410850019,95.69218704701377,86.36482630232909,98.44982915027595,92.22409336674592,86.18128713851226,82.41006917725534,84.87201995528554,88.63475917261893,88.68633393964475,79.65762817391408,87.21760326730029,99.47452661811322,77.94002920298165,87.42701644595522,95.3853355246798,77.35147212211845,84.35693426286304,89.9170395326926,85.99626309019591,69.11804763291849,,88.22533535304169
2001:Q3,85.15934091033127,96.00131491138966,87.52322131159897,98.5759336939052,92.30615624722127,86.7875840239674,83.45217570440009,85.83462923905896,90.14930709810264,89.79063228821082,81.04783336474645,87.54070495964065,98.73736738526891,78.97126318605402,87.73692621765534,96.76323294446922,79.78737520053417,84.56512330418036,91.47055057030836,87.88710392454982,70.5447711503911,,89.30478570691123
2001:Q4,87.2165762518023,95.74448809421862,88.67140427457745,98.45561278887162,92.8181780933203,87.14650722885078,84.6260960130345,86.2274412644537,90.747921952416,90.23637736353122,82.5229639132237,88.54104134687468,98.38194593145711,80.07830682969735,88.70035006527225,97.39629899230901,81.59596540883939,84.51384848260474,92.40445755572824,86.66175453095883,71.79414973445486,,89.15541499899999
2002:Q1,87.59034356728678,96.49117831075739,90.30620843935642,97.49951733319348,92.17237033196459,88.2836861308918,85.28458191454213,86.33458581063859,91.68358847444782,90.89495113391973,83.5842677340084,89.56970867003542,98.69982376839214,81.04359572165055,90.04142673383629,97.25065134722928,82.95496859381844,83.22522320201793,93.33180666762289,88.98028209174177,74.65294385816752,,90.41227685469882
2002:Q2,83.96643306050521,96.49436572513363,89.54534126795946,97.2105033754026,92.80807272088741,89.57145688578079,85.91382150136089,87.84407935865757,92.37584718006812,91.5209342303067,85.14696228065974,90.38983279567421,98.9855950979249,82.42392721886975,90.96968338024061,97.40922067246255,84.38886005601131,83.28571620581619,93.98959578358247,89.93236099653917,76.67005221122656,,91.03597751174081
2002:Q3,87.12538814081474,94.25424991102528,90.35167928042074,96.89328402585204,93.61470361416933,90.60617190835787,86.87043056274388,89.31813427417279,92.72059686198386,91.40115818288997,86.48887858205863,91.14315216113081,98.84076215102132,83.83845277448964,91.08513219001027,97.57938676383857,85.78673529125737,83.84055704359501,94.99601098692655,89.78285978847761,78.42253488133706,,91.30142887313917
2002:Q4,87.77286324732653,95.63405948617448,91.26146910410255,96.56032398614579,94.7641101476012,91.58364105120924,87.92432543691794,89.93381560822216,94.43130251870562,92.42582225560314,87.65255392139261,91.78113088780921,98.68913570299603,85.32515319257388,90.41699667499255,97.48594437917814,87.27822497638701,84.56694984538171,95.29349568986288,90.17880156305098,80.48350480547211,,91.94041741067116
2003:Q1,89.24078434407873,96.35201264618924,92.08493061995225,95.73484555870036,95.67051805939235,91.93595786818902,88.99074166718812,90.45299785502289,93.59395875147995,94.15792753916296,88.15768068123852,92.39908184473553,98.49864553363028,87.06374321052854,89.70691134655209,96.92121090436156,88.43128741445096,86.15902781308809,95.49118728457925,90.49037687549617,81.40619871218497,,92.39548209510453
2003:Q2,90.54346025674685,95.99094412704028,93.21533282968699,95.66968558754942,95.41620767125127,92.66332612045319,90.16022603368137,92.19600637064399,94.09792056797617,95.32437191690474,88.35826719639854,93.30532638368126,98.3394701007036,88.74993904267917,89.17825670252132,96.74358580815695,89.90544125270394,87.45423273734039,96.01456065377003,91.64427549598706,82.5478928515043,,93.18267063918076
2003:Q3,90.56960844870663,96.74762450509002,93.19617207257814,95.77215448320284,95.5473490220794,93.47887203586293,91.41801772973086,93.96180871252137,94.83464900025926,94.61768350868194,88.68158691751901,94.1036770489777,98.29076832111673,90.41076633064145,89.46766769380712,96.8252610145434,90.98945355869645,88.82797080749116,96.45741795895778,93.21098069543068,83.57294846966172,,94.01786451980311
2003:Q4,91.54864657998199,96.54260884516944,93.43555861834727,96.04992940743965,96.1756441239043,93.60992322367267,92.56255748052689,96.08865350675225,95.38779161078841,96.48088132631446,89.61984890395458,94.87772014081897,98.25909455011148,92.01526979355187,90.62192541728079,97.06543671638451,92.24834035309964,90.40097996380855,96.5622874914926,93.8970785509506,84.53939843579515,,94.71062188224681
2004:Q1,93.23680916258304,96.37441679845404,95.05619736643665,96.98209665940489,97.0856218923992,94.44785837578775,93.50819817175925,97.46703671982978,96.51185794748511,95.92257138538454,91.02142113635271,97.20839737413783,98.53432583638592,94.14327618944458,92.10517485580152,97.75600411076445,93.01830542698995,92.62201358259256,96.7667134651264,95.01992095065872,88.59463371516479,,95.73658237996005
2004:Q2,96.32762154912426,97.65813298956758,96.83884422376352,97.52931213551304,97.29585104982199,95.72424248258817,94.37985595593489,97.80938112396089,97.8517328011673,97.42026018309149,92.72382123511966,97.84810802577475,98.78675235713327,95.74741007208429,93.50122251867998,97.96022624964502,93.6894936129064,94.4943279108381,97.23290327722519,96.38902218216202,90.72158726668914,,96.84839095816363
2004:Q3,95.80623729603337,98.69875272608793,97.11258825543148,98.05366203420311,97.83533087259123,97.2140671158426,95.15682643545101,97.87619021080268,98.41434442207333,97.69749886901957,94.08440531165373,98.41017671102597,99.18192094173249,97.0862097971174,95.24692960081222,98.1997124858113,94.56575055959635,95.85932410939623,97.76985828311037,97.33497801580249,92.63917361690508,,97.55386122772147
2004:Q4,97.04086000675296,99.72801796076942,97.91711649557193,98.57205203188869,98.95273136820428,98.87427099764732,96.46327012406455,97.64513178539853,98.5706144535461,97.42596093840173,96.51396583175737,98.37536191713,99.53385830282885,98.19672703332824,96.94761567800131,98.63442692062635,96.93626675302994,97.26954660934692,98.48215992668622,99.20807237223097,94.870090492304,,98.67779473481335
2005:Q1,97.59235377366892,99.37020895946391,97.93810109785302,98.9375640792058,98.81651793892635,99.8947841571334,98.03811221906624,98.14286690732332,99.16954481349975,98.85766978099991,98.28052391462118,98.58365179285148,99.86241149666014,98.70901768833953,98.57786656564214,99.52089912428545,98.93988894547701,98.07221657046476,99.19903919729252,98.25332504571645,96.87836243628233,,98.63508814946293
2005:Q2,99.92028076914549,99.12453123432478,99.11127674655548,99.60689821802492,99.94934771212466,99.68900456699065,99.54764667928771,99.17028431229238,99.54907657049235,99.02883912176043,99.36051168317546,99.4354337954602,99.98127130706129,99.53448004775034,99.73503879414724,99.72178548405687,100.70941782962227,99.3526369396931,99.36131791410841,99.26338475444274,98.43628884802978,,99.46164490203036
2005:Q3,100.95918908236932,100.44246843986016,101.13366380226083,100.32653981449126,100.7371737325364,99.53945559029702,100.66198551387326,100.67407059865813,100.13106125403145,100.40123014824049,100.56352586524487,100.57365025320432,99.96489633778926,100.42971698991636,100.73187498308303,100.09880199659288,101.04220639617395,100.75911280796741,100.22669310433434,100.67208289895538,101.14778116099974,,100.53218258511761
2005:Q4,101.5281763748162,101.06279136635116,101.81695835333065,101.128997888278,100.4969606164126,100.87675568557893,101.75225558777285,102.01277818172618,101.15031736197646,101.71226094899919,101.79543853695849,101.40726415848401,100.19142085848932,101.32678527399372,100.95521965712761,100.65851339506476,99.3084868287268,101.81603368187473,101.2129497842647,101.81120730088546,103.53756755468815,,101.37108436338914
2006:Q1,102.23223024736589,102.88487106127356,106.06535016411132,102.15606856357168,101.87259329886274,102.76062795109647,102.94910989940867,102.69932468502466,101.75927744992181,102.43209181052084,102.67676345728397,102.44271015963194,100.24775021013939,102.03128088589962,101.41149595337617,101.20910947695968,96.68135501758525,102.46096275651614,102.34842304333081,103.82174491819,105.0672737361161,,102.74690213815683
2006:Q2,104.21863780113242,106.16449828562116,104.43116983002129,103.10373208777993,102.38778131792475,102.92275346594022,104.35320154335811,103.22953756900347,103.19229974741975,102.4258491036978,103.58045206260951,103.1502264714058,100.63970995232356,102.93957906801188,101.57648734767666,102.17309534812581,95.60993548944974,103.73130185629871,103.28925571591154,105.19730902349632,108.34200216173349,,103.69601575292762
2006:Q3,106.95544325112994,104.08286367751462,106.60688394932876,104.05864251358936,102.95952184384666,103.36878786401238,105.71912281161515,104.42002916921905,104.08436685903713,103.35215779207812,104.48345201107914,103.93382749187056,101.55412717543474,103.85820919602249,102.37059022382594,103.24172010572524,95.20588002524347,105.66440488191881,104.61869231390722,106.15950684956161,112.13696609560276,,104.70285490834964
2006:Q4,109.51744542137888,106.02118985878387,107.9834547389385,105.05832444587897,103.62765964715058,103.23691013817606,107.16848491299145,105.71198380998312,105.6495590426473,103.51483753308767,106.4918451923702,104.82329518392416,102.08311865417434,104.85184131354227,103.51460899935485,104.2460485069257,96.61578325415609,107.45705194389967,106.63004088518603,107.24363350431615,114.77495781975195,,105.73765729766782
2007:Q1,112.67058141500064,108.00540066808848,109.53797074097423,106.55643616886694,104.16571988919611,102.96524789397593,107.87832251347999,107.10464155529509,106.79006417165783,103.83643407569201,108.00012813973936,105.2820139190168,102.25169127391358,105.68984750619461,104.48569446090679,105.51888974359159,98.59866811164453,111.64832596409943,108.24455014207803,108.23990966466711,117.38663654724479,,106.64501866563995
2007:Q2,115.14909657329774,108.42834342456891,109.16996944744437,107.42121837660969,104.11378184261393,103.70583578186854,108.96193872876852,108.58371942736757,107.51358847735823,104.6970853575651,110.08518680720499,105.91133574779371,102.17102707302992,106.76153579916075,105.89508146967773,106.96283131300356,99.86922508240252,113.3289283013961,109.45168190890247,109.01450891597123,120.96931802189368,,107.32529064598515
2007:Q3,116.27719543140738,109.82784296206142,111.10440223078142,108.1090737723682,105.08856945849153,104.8458902171827,110.44324121336753,109.56916229462898,108.69605964399054,105.78074849189754,111.94163732300846,106.31638260659156,102.23146720764967,107.98119554000188,107.14510679508322,108.31606795157536,101.01403700664483,114.92106124345683,110.44763245577921,109.74972594414098,124.53373810550616,,108.19806598403937
2007:Q4,118.07027558989344,111.08407703273481,112.64956327792011,108.65494327339005,105.98826502812051,106.91920949809162,112.15898967191521,111.28851386815329,109.97890842040955,107.08379618531649,113.69857690743609,107.20649138439275,102.04917684546277,109.28217230048364,108.49519053040197,109.13327810178484,102.3944750020261,115.76044285831549,111.99472289104416,111.21135558830208,127.46480074117325,,109.3757644027202
2008:Q1,119.13787245386723,112.58129755054395,115.17396002354837,108.81074426559952,107.0652535160809,106.60539928947979,114.19017327164326,113.0004292094877,111.15391663137973,107.447813635387,115.26930139500686,107.77792619348251,102.0290015098424,111.13800730241267,110.10041343392025,109.296961509244,104.22338355742532,114.99784969250045,113.7922691548505,113.85234526894679,129.24541342018384,,110.9884962264827
2008:Q2,117.82546049352592,114.36505273785845,115.44346006216618,109.07521642970345,108.37782320529271,106.82195152587518,115.46998237210576,114.388227929104,111.33753524014135,110.01977584669915,117.57618681834029,107.53435348448762,101.98111543342499,112.4636690387777,111.20397481606996,109.03927497834735,105.6446249132064,115.6095598025066,114.66623396790673,117.10255481943814,132.0155019343305,,112.72342817469413
2008:Q3,119.46054245011149,114.69475608962215,115.37416711900754,109.25187480255804,108.30193461525643,106.84475007639426,115.6649715555403,115.99262797824626,111.03267594698924,109.92078604769928,117.53874007965551,106.80310056782179,101.81328850839705,113.57335714572173,111.72753837593301,108.29138477931618,107.07666459590584,116.0054753175573,115.91496998849357,115.35550954423051,135.46997979200773,,112.07990353222122
2008:Q4,130.1913898857376,116.16664795755264,115.76958690442824,109.35423417954311,107.62756941455909,106.25114080779883,116.14320622730371,115.9984798682921,111.09921286759389,111.43658915898845,116.81250321610568,105.62530209750675,101.77836058931932,114.579785095848,111.71052639112429,107.73443906128978,108.22255629027255,116.65080093842946,116.4368460492693,113.37703510958907,136.55200598407512,,111.59644320318142
2009:Q1,128.32500770195642,116.92914850485705,115.85768414015129,109.17781037189823,106.95122150535421,105.57194657193557,116.72702971912125,116.22943612275402,110.85460628218298,109.80085370289977,114.99705074852538,104.14347288191408,102.18421066276424,114.71486435929583,111.63120445158877,106.64193286556245,110.03553665589827,116.52940263573818,116.8703805708363,111.25206028746676,136.1684411159506,,110.51820750311191
2009:Q2,131.06011548326646,115.16039107885827,116.32952611158669,109.10003988056525,107.81151226090927,106.74423892476058,116.22732660774223,117.9603222739855,111.21104560450527,112.71442623703908,112.44446239232809,103.35192328375832,102.10471841194929,115.79893829390552,111.97873794813812,106.5326805225387,111.4176718431903,117.06751222166798,118.44969513445382,111.30941604752294,136.96505095612181,,110.8788195713758
2009:Q3,128.52969689022797,115.4770895831302,116.9906884189039,108.98917593954879,108.21885145698002,108.02609741213813,115.73999415858557,118.89561659379896,111.67392159770095,112.99131568345418,110.76223054606037,103.03407095382846,102.12686824572096,117.07375131216197,112.55042479505379,106.68715886404387,113.23363980444441,117.81909415489517,119.35943018237559,110.12661357028085,139.661413066506,,110.53083734773445
2009:Q4,128.81258364587157,115.08131019401215,116.9133619321691,108.84898917047646,108.41007055883833,109.68568694789658,115.1501314263989,120.32498846636463,111.67768660108048,114.37043529177329,110.00421467092532,103.03214480745667,102.44624259056557,118.62207768771341,113.69600863783425,106.79653066383652,114.46169008006936,118.8156721907145,120.01774280061738,110.58226168149052,142.29573478057412,,110.95351983598152
2010:Q1,130.01710763368726,115.03108041610245,117.33485804172214,107.83258357804395,109.52900979928938,113.2852193468607,114.55842416079265,121.58420664988093,112.21280352317203,116.17431568520524,109.4308517454333,103.28840541317459,102.80900633952174,121.18028830204798,115.34365795781292,107.2318045123105,115.54708209807004,120.31829570629897,120.83176935355868,112.38086661018231,145.17350949845667,,112.16052019239815
2010:Q2,130.09724259459807,116.32579309032458,121.18241860591738,107.85598880387371,110.8780524838137,114.64919697698586,113.30188958058238,122.88457299655735,112.5719266067204,116.36879457760546,108.51274475268572,103.54731878397848,103.08705480495449,122.79003911952347,117.07340787335566,107.75629274465807,116.0773914375234,121.55071364938964,121.89082419266623,114.04446391652462,146.61257512513973,,113.24334169909342
2010:Q3,132.29337239082747,116.43753192774327,119.31804030964395,108.13712763784334,112.25891375748782,115.32173898326442,112.7860454265096,124.35835171728354,113.6841602617853,117.87229953119687,107.8834890339757,104.03575192397415,103.36821150470475,124.28714984559868,118.7501518017977,107.98167762859373,117.01370842342331,122.77617199585372,123.21037764685572,114.47029781125377,149.45571186186692,,113.83710110180317
2010:Q4,133.6172284398503,115.96144496103821,121.19801199466782,108.54377814345396,113.45219525922934,116.80457611394077,112.91012118611121,126.54759688903708,114.21779900119945,118.16425152442446,107.3328613876137,104.32323774140124,103.51898701331214,125.68725857360965,120.29185307133005,109.26382654936029,117.89804530151436,123.89174361306415,124.89646932567929,115.16312903266156,153.44229658616723,,114.56540007580494
2011:Q1,138.12104962890865,116.32522174689556,122.01213694725946,109.88440425516062,113.0080757001308,118.22632689776222,113.31628186743247,127.90456560259024,115.158105350026,119.0654600933096,107.37366529149344,104.86275253183511,103.263389789997,126.40974419654054,122.02586880301686,109.91794358367497,119.39935885618856,125.41119302282279,126.37006084131977,117.13118668412221,157.22632446629066,,115.72044363267996
2011:Q2,137.87308015977473,116.60326319926065,122.7201411515153,110.53067421280944,114.34983481614657,118.32786864438638,113.12141630253399,128.5948368340791,115.89232727932388,119.56652455732794,108.22054674144687,105.2733502674336,103.4468527518982,127.73282090305379,123.18736467346169,109.98057124255472,120.7522383661682,126.41434031683409,127.69639450493166,117.51527189533738,160.7377088146911,,116.25251946012514
2011:Q3,140.54455631345604,117.22927761899277,123.52685317895937,111.0657388828775,115.54255113339944,119.51984648668653,112.64516705413183,128.89663095482436,116.2824641931471,120.93724962121127,109.53772327227588,105.57672639368815,103.60823568790626,129.1850703831641,123.97111989599176,109.99058242500226,122.05027267817471,127.85880021787112,128.72142110560938,117.55113279546482,163.975087696777,,116.72338680662341
2011:Q4,140.7728898958261,118.12305539900476,124.66410304444466,111.60088025509638,116.20770961067943,120.28940959987975,112.36027636032695,129.9582474675022,116.79349197064225,120.85260125803272,110.35819296952731,105.16357900584656,103.49575272839982,130.70884254486745,124.34464530371764,110.10183296031758,123.32284493262345,129.01900939219,129.6520775179858,117.64301697477276,169.63110500416082,,117.01809565834641
2012:Q1,142.40891984243888,118.82234526054717,125.1475207874876,112.18638995011474,116.59595528106534,121.10030761345806,112.17864284593311,131.32634821745728,117.64238007860457,122.68217301580252,111.84194631977174,105.30867981969146,103.31905818794155,132.23300049367288,124.75758888888653,109.95462231243494,124.86014669551264,130.42862011208013,130.441161765929,118.34087219961826,172.28514185123606,,117.66782298308948
2012:Q2,144.37213464733532,119.56931277140663,126.19051480194635,112.64623367611019,116.42526290504375,121.61959429909922,111.50916966992052,132.9033051758745,,125.61002798480555,113.46214229982613,105.25240264299508,103.7802680656581,133.99669057454423,125.56300156352306,110.13481947945587,125.98791705774376,131.19302658487504,132.00727496723658,119.2025981577896,175.55732168769023,,118.5103986648217
*Luxembourg PDI series has been inferred through Belgian data.,,,,,,,,,,,,,,,,,,,,,,,
