column_a,australia,belgium,canada,switzerland,germany,denmark,spain,finland,france,uk,ireland,italy,japan,s_korea,luxembourg,netherlands,norway,new_zealand,sweden,us,s_africa,croatia,israel,slovenia,column_z,aggregate_2005_fixed_weights,aggregate_dynamic_weights
1975:Q1,72.2021553282243,63.7950362072951,71.9380970821024,73.9257330132131,66.5095990430132,70.1269078076692,72.4175998231728,53.0132144967989,66.3726444147352,49.1165808216771,53.666806557716,61.9735024636303,62.5508159588844,24.7497992658908,37.8917866974301,75.9649382438926,47.4161104584327,80.855739044838,75.2290680735407,57.5977311246154,98.3456123496038,117.564008012879,48.0233352729773,105.954973857233,,60.89547412103321,62.685189820442616
1975:Q2,71.4021784232524,65.9078352432169,72.9552620206684,73.2287239577128,67.176257512997,71.5625998338712,72.1313493956941,53.3198875559483,66.5344225978514,48.0922051982418,52.9095901122384,63.888818804066,63.0906453515987,25.3276390798057,37.4394133756399,77.5366071153788,48.6100140396362,79.8684967024167,75.5524115569495,59.1314309446187,98.9395924536011,119.615207966733,52.5138697277802,111.506692846571,,61.82893453974343,63.5658401986718
1975:Q3,70.5746644960609,67.7330145167056,74.019188524593,72.8018348808872,67.9040195131425,72.6985007488073,72.0681818010828,53.8279214269815,67.628747437744,48.1230466977398,52.1827715335329,65.4170354177852,63.7005969164105,26.3474011585005,37.873255491357,77.8213181258467,49.7580930932966,78.6912510966146,75.8116864736539,58.6071682622409,99.0939681170672,121.428483832792,54.6966717310106,116.743653015434,,62.01807582263391,63.82261652529276
1975:Q4,69.5964672918095,69.2136424257152,73.781811955081,72.5659507979347,68.1017340727882,73.6492403877142,72.3869939988951,56.5171658259786,68.6941739244803,47.5582992287124,51.4703551294139,66.8124764091783,64.2329594121337,27.1093356612262,39.0209580010078,79.1555737623082,50.9128287736988,77.470483521566,76.055347266685,58.6868155157012,99.327855893136,123.490609496949,52.5446164654757,121.582012970976,,62.3165309196756,64.15493082851185
1976:Q1,69.1714582645601,70.3961549752614,74.1142806904515,72.0940291001194,68.1390185620664,74.4494551508823,73.0507197710043,52.8954632117638,67.8963314849461,47.761798111121,50.7775848315953,67.118319612692,64.651736204936,27.7644343318785,40.4288144006235,79.486141451804,52.0379338062284,76.2280889591038,76.5663550922325,59.0037318756138,98.4214005540633,125.101158193044,50.5077969567467,125.981569736168,,62.54102207432991,64.2967180450812
1976:Q2,69.5330266268204,71.0808818635665,75.9253634951508,72.0492302439448,68.284395024082,75.1539167509804,73.4778841687684,53.2469827094697,68.0322648450154,47.5074314699915,50.4235091701157,66.844199505902,64.789523062825,28.7943981863593,41.6931770826803,79.685225744939,52.9719571540465,75.0469560105173,76.8603452850334,59.1313450303536,97.1741430297552,126.752235613309,46.539418903337,129.654995115924,,62.729588428961826,64.45147741882435
1976:Q3,71.15990279612,71.3775899220829,73.2311993373397,72.0761644482101,68.4949828395634,75.7306305854279,73.5907287975733,52.7938606058819,68.7531248897658,48.3156730924644,50.3802201425687,66.8159877465218,65.0007548963246,29.0278182249889,42.4353499550021,80.4936744813126,53.7563266462458,74.0678350566555,77.0340119229069,59.2879748207236,96.4567424494964,128.458612596849,43.6390921243328,132.741289866974,,62.89260575340928,64.61982406372825
1976:Q4,71.1032681301228,71.3929844823559,75.1818923071525,72.2435338299388,69.1171624554944,76.1212093164728,73.428658168691,52.6646421264034,68.9001036703274,47.3904690330557,50.5401165752893,66.8471070387783,65.124173050972,30.1128089096134,42.4680098273454,79.6839668833432,54.4898561355875,73.2355531855244,77.1126566400965,59.3823426259099,97.0572346050237,129.782702209999,43.6755155879213,135.18703532668,,63.06323747855963,64.77200934666556
1977:Q1,70.7028112910968,69.8941876196109,74.0733231153439,72.2789940128178,69.633759439829,76.1366923298062,73.0891343338749,52.0881621074694,68.9037033712391,46.2762363445344,51.2072942637012,67.4740096523865,65.0809324577447,29.4053076689502,42.2242436205589,80.9077429163545,55.100606613629,70.8997807803575,77.5514534793016,59.3606620540647,98.5381001358611,130.616029825243,44.3618469228885,135.028730967687,,62.99861756873688,64.68449705784123
1977:Q2,70.1612080590358,69.9406780229572,75.114061479285,72.7379840776184,70.2673259689975,76.4015332998706,72.9529352041769,51.81889436812,68.9397492182981,46.0033161946139,51.7953826627093,68.2327895318145,65.2572315930914,30.4816779544739,42.1430210977484,79.8932510599282,55.6461333767764,70.8221825235576,77.2174001463936,59.6269278150856,97.6885932375596,132.145782924157,46.3686123269235,136.681909148917,,63.259725421716524,64.93119312261778
1977:Q3,69.5136672445498,70.1505042212951,73.7666770059376,73.2806774919336,70.8429070912373,76.7465579483994,73.0693088941242,51.6501910317537,69.5585005044177,46.7642601581443,52.6158384635315,68.6963512195564,65.695844339093,31.1793895005801,42.3838215935953,81.1486825439161,56.0794116925317,70.9887316664461,76.9158056972024,60.1480856506913,96.6687467905925,133.570676412268,46.6071946101359,138.424072448895,,63.67563632828671,65.34340337783408
1977:Q4,69.9589219901774,70.5386617799135,74.3417741984292,73.7657746342693,71.499326137658,77.1920300529939,73.4257896089981,52.1460552136474,70.6876646129383,48.2255110689855,53.7714168947126,69.3431355718606,66.4736188332722,32.370077110438,42.8052134228026,81.2604969054868,56.4745176565274,71.2189131161995,76.7397767169893,60.8698233137466,96.0413142164789,135.330893355982,45.351567484669,140.257977855877,,64.40647087466269,66.05888811385253
1978:Q1,70.9670708320656,70.7402312515317,76.4752808827167,75.1984489392112,72.4302110257354,77.7830100603185,73.9455128162022,52.8190936324027,72.351690215172,48.6204082822217,55.1877101699215,69.2396549250252,67.0712135876991,32.4423234653611,43.5670875721377,82.3875866786463,57.2081996000465,72.7003616433891,76.2468137432067,61.1906612031612,95.7269924951364,139.398599025927,45.6653524806872,143.644669240088,,64.99341278700682,66.59631942688502
1978:Q2,70.9530503116069,71.3741862323884,75.7027052408501,75.2727691278935,72.9111151985426,78.0780543322591,74.2114590710019,53.4788706109732,72.9014318291609,49.6243056019552,56.1703748085385,70.1913886867923,67.3525519037504,33.143821693405,44.3003744287051,82.507048065849,56.8768456499687,72.517602639115,76.5361821422523,61.5308180409437,93.8631351968958,140.599296639428,47.2889799883878,144.921145483888,,65.36344680125607,66.96782243283276
1978:Q3,71.6338476835224,71.9458280654664,75.0896725881413,75.1859384724891,73.601343851591,78.1335176221506,74.2019044799219,54.6144116295023,73.2017463256871,50.6669788954675,56.6678979062666,71.1432304979887,67.6520661543285,33.3237267635232,44.6619428629243,83.0927302536197,57.5013739470315,72.2477412512807,76.8836243324763,61.7455415346642,94.2048308090373,141.189695587417,49.239286555302,145.699065491812,,65.71863393581663,67.3509846299706
1978:Q4,71.3742442074767,72.3023464873187,75.4100710836752,75.0133390175774,74.4136924934607,77.9939110715404,73.9836953319651,55.4919018149012,73.6987105530798,50.8462995403365,56.8022522052558,72.079624464666,68.197940154152,34.9510202296596,45.0127227179045,83.2269220245473,57.7643636068081,71.9177675744467,77.0090347984839,61.9022031645797,94.7548874673455,141.055641777572,50.2667796815801,145.969944725022,,66.07613780209024,67.71028336886202
1979:Q1,71.778202421322,73.7735159924808,75.2491369661117,75.0743119993005,74.8306291518157,77.5949629766387,73.6190955974957,56.2531269142154,73.5219741370687,51.4728323580233,56.5566277533415,72.9577605475783,68.6679532249372,34.9098879591393,45.3578656643855,84.7266535444396,56.7569969497281,73.7279838719329,77.3774493566233,62.1547324251634,96.0073390191301,139.818125284332,50.5615237750377,146.689648478223,,66.3923939255624,68.03700596376399
1979:Q2,71.4694748553901,73.3965213178968,77.0545884329654,75.0453818516433,74.7016717703033,77.3031721610733,73.2029584521762,57.3129319727088,72.8252443476044,52.1238908033678,56.2990110520192,73.7321643403111,68.690976917926,34.2605682874426,45.8919612118196,83.9465822126036,56.6909456733986,73.1234105089493,77.0128498393834,61.6325587088281,96.028472799215,138.468158818511,49.2239422640482,145.375228968315,,66.19597600199279,67.88653205089705
1979:Q3,70.9304661349616,72.8867147612617,76.097213252498,75.1027179601028,74.5967514042581,77.00857786947,72.7265656003583,58.1730427628788,72.4914309629476,52.4138617547948,55.9869486632061,74.3785874588357,68.7782028562127,34.7087736378747,46.5044851180229,82.6067444165202,56.9927574937816,72.4015462501736,76.6216793962433,61.5124308762815,96.6483788024561,136.334218489825,47.1530559738051,143.205365864984,,66.083350959637,67.7811845396938
1979:Q4,70.8466586185769,72.4747506458523,76.8328328896436,75.2156531532015,74.8010951131916,76.6839773820989,72.1525125612872,59.0226113308119,72.5081964317857,53.9266082318926,55.5833217394886,74.7987822542047,68.7927957048886,34.1088383062784,47.2158128740325,80.7236799437367,57.4562461366578,71.6195328959075,76.3977530059565,61.330370064358,100.071499683977,133.753716167846,43.7509772869673,140.219663718164,,66.09275456316352,67.84367489897988
1980:Q1,71.0587294557439,72.8375453235244,76.7164405136693,74.7892638567202,75.0809974852736,76.0847278891108,71.4989680598495,59.6755582784298,71.8788762130592,53.0959210516273,54.2235358892007,74.1966904431382,68.4166043099793,31.4581660646246,48.1718157604867,76.189308677387,58.0388269766805,69.945013686362,77.3361142205995,61.1849388384217,102.482232542117,128.99981517644,41.1529922350816,134.709188246819,,65.67854356195143,67.62082115015801
1980:Q2,71.7225328606382,72.8790901984731,76.7086657571184,75.803766689282,74.1734827656988,75.6362401722559,71.0091923410999,60.2273153400209,72.0704362344032,52.9964694109884,53.9420291096795,76.1200828604936,69.0525076999552,31.0479071759723,49.2476582163171,73.7233108731481,58.3083577034803,69.7243539466544,76.8599120811363,60.6953277938481,100.736256900188,126.265306893821,39.7763996880041,126.242570316149,,65.4554949670653,67.46745349559184
1980:Q3,71.8471320233126,73.0438369232241,76.775636023454,76.0167999813489,73.9080440452616,75.1357152973304,70.6970821089148,60.1720157936408,72.1489961421202,53.4220473379225,53.8457025192808,75.9969050490236,69.1759746130794,30.3855783473554,50.1766792910571,72.4930835141658,58.3947947853766,69.8731560440521,76.5633397018355,60.9701772031916,99.1482505786952,123.045866440013,39.4958432949194,119.77193569344,,65.47336770055584,67.47511409473371
1980:Q4,72.2328741287018,73.2275466233792,77.5733945839714,76.2019106492187,73.9153547658996,74.5834191774323,70.5298388097922,59.9361479764066,71.9898184999029,53.0994711681728,53.8548740817134,77.7498322495473,69.212335267507,29.8554952292705,50.7366751932583,72.0255943064953,58.6922953155264,70.2309916910396,75.2418984581896,61.4098803830813,98.9181790962936,120.66696908406,39.9674538686699,115.039658442426,,65.68332300708971,67.71061233344719
1981:Q1,72.2545784500904,73.167206210906,78.3702839025597,76.4765204540167,74.0350429971283,73.3649237018939,70.467854798715,59.6933039911016,71.7841946330385,53.1719625395601,55.7807878911172,79.266422022333,69.8656167685564,31.5666837046457,51.5757376904995,72.5239119452081,59.8022618861001,72.4063860612253,74.3315660898047,61.2921432311421,98.4286604359201,118.42151987037,41.7377169702035,113.983522546017,,65.89051616714556,67.87257076317333
1981:Q2,72.9205979951683,73.0816081237723,78.5938745385166,76.4166202460192,73.8048511052903,73.1510754722453,70.4073506384838,59.3604119776976,72.6870372990997,52.4808496863044,55.6598747283872,79.8882241395337,70.9719571510412,31.5743539243749,52.2489595630281,72.2827439361674,59.9386945000517,72.3376760552668,73.1864311943049,61.3118353967985,97.8183473461978,116.871416463889,44.5893413670843,111.226890444298,,66.04782646104783,68.05046239741134
1981:Q3,73.2183506529909,72.8297931363837,78.2140749572222,76.1259721661471,73.2386309882074,73.2779115906561,70.34417843503,60.1492544921829,72.3147536436207,52.1786968503449,55.3239427871851,80.2074877138254,71.3252999196243,31.5194590628698,53.2944205183036,71.8097719446086,59.3040828847432,72.1041621808403,72.8797873677148,62.0523772147007,97.3667175453181,114.960785543989,47.6766738952378,109.066388048268,,66.29034364516072,68.234876219469
1981:Q4,73.7105880193295,72.4599626822298,79.0078017211319,76.2646308952236,72.6673336790346,73.6705503629037,70.2985678819032,60.72923414821,71.9016139917072,52.3132353096497,54.6626999157892,80.1035763079924,71.9839352572016,31.9833449317643,54.9042650568995,71.1304195366896,60.0338300668876,71.9996418270092,73.1238215503499,62.0832256319459,98.0598059841444,113.939048571897,49.4302772229837,107.470575878259,,66.37383190107828,68.29100989724657
1982:Q1,73.7675376027294,72.0012794162661,79.7979507614257,76.5682808436783,72.1485677397561,76.2020749294062,70.2720894126734,61.8123804944216,72.9339823280007,52.2132367069042,52.8080138726837,79.2167959743798,72.1527323952685,32.8907243435202,56.3672919649898,71.6477556480181,59.9279066454594,71.2277592284629,72.9759844665991,62.0869370017542,98.5889402779731,115.609513103184,49.9083710344129,109.014286716082,,66.4583848544144,68.33233414686151
1982:Q2,74.1423691938274,71.5244047608916,78.1372642058389,76.550574693551,71.6041693966313,76.5459142357433,70.1954060498868,62.3596516197718,73.3022840484835,52.5914499281741,51.9825772336287,79.6201267906463,72.5181096139548,33.2258424033546,57.5842348948725,71.5854108549419,59.6293713764845,71.6065637991084,71.6590450586037,62.2272044524279,96.8038803626566,113.705628617464,48.8937209563927,107.299858001334,,66.48111417525946,68.3375225458596
1982:Q3,73.2851842938163,71.0658338622043,77.5872434802674,76.2180815289553,70.8926607956655,76.6548986028385,70.0783020142191,62.9812401476509,73.2760363607969,52.3497826279142,51.3673755780416,78.8208074972233,73.0149135407823,33.6844667007577,58.6941843525854,71.4431677272767,59.2016361992836,71.9606094606496,71.5825849626829,62.3404755079832,96.0434654495441,111.779766463448,46.7505969351887,105.119524770737,,66.4014902576378,68.21376995938516
1982:Q4,73.0108451999048,70.6650502762133,74.6752618065285,76.0910164852458,70.3377244548129,76.5752863489162,69.9499309448242,63.8686959924681,72.049652540598,52.3679106145983,51.0008695415704,78.4993900674194,73.3837524559264,34.3471390535154,59.2201517627168,70.8722163020284,59.3648325672414,72.0445581983968,70.9285802906044,62.4225576202547,95.9387227702419,108.965440178622,44.6431378455644,102.503068426141,,66.20842787091256,67.97340556358651
1983:Q1,72.7182295935481,70.0714030718578,74.319991914724,76.2136070652439,70.2512745743519,74.6758714029511,69.8127476988472,64.7031781864735,72.9460048286728,52.4435396748501,50.7046009961822,79.297014141899,73.4010370819404,34.7483264753063,59.8448464792486,69.6339973460038,59.5012703275297,69.91713248027,71.6935423092758,62.7757018635014,97.1038482653461,103.536130346276,43.1694236981977,96.9245221959303,,66.36793989585317,67.99816174547601
1983:Q2,71.8614510260425,69.8708205986136,74.0010782910446,75.6911555395528,70.2394225034725,74.5039667856686,69.5661674640453,65.3420741084131,72.0030482795049,53.6499921371027,50.6479662904047,79.7716152212509,74.1256069261266,35.7136571001399,60.0575069432224,69.5440248768064,60.1621928371296,69.6962769953716,72.3977326720881,63.1432551207164,96.718513192979,100.707813466121,42.961976780311,94.4959066983074,,66.62121793157682,68.21988280917351
1983:Q3,73.5666743615965,69.7254709625949,77.8340557394116,76.0052654005753,69.9427704740839,74.408548676093,69.1778892953318,65.6908104246896,71.5331507875554,53.4063653712784,50.6225621323388,80.1268696739209,74.5575045545365,37.0569695306531,60.2348766858586,69.165486340421,60.2239388672507,69.5191478888727,70.6738107774384,63.902167120402,96.840422975574,97.9332674844772,43.1420989056214,92.6668997487205,,67.10803524298966,68.62169437655044
1983:Q4,73.3036710241765,69.5758969781609,76.226231034859,75.9988206320516,70.2753929946887,74.3970317304964,68.6237129354279,65.762116869733,71.373053073539,53.5152320308058,50.6558408058042,79.5367886276919,74.6440336144903,37.8303995007464,59.9426701708644,69.0005001432855,60.7731478866764,69.369570994741,70.2150253142636,65.0205907132619,97.5988350691308,95.2227048366994,40.786461995216,91.4049447855986,,67.48813847413551,68.92376920609901
1984:Q1,73.5233832242132,69.4797164684786,75.1900535866022,75.9987400893856,70.7297981519329,75.7129246797034,67.9467912615336,65.4004226985978,71.1987915221212,53.9692542681006,51.0260735949012,79.3347067986809,75.2584824402793,38.4058419596128,59.7630283381583,69.4771158824988,60.7949524331557,72.3694468007481,71.3028796188667,66.0429370664981,98.7029929060719,91.723104478892,38.5260219150295,90.3359151317135,,68.0062390956464,69.34740737620103
1984:Q2,73.7521746143325,69.2439667489065,77.74293876727,76.2145090740187,71.1009709531407,75.7026554557989,67.4845478603778,66.1625081048524,70.3850705391211,53.7746216662347,51.1397081035089,79.8479659786108,75.4779622261099,39.2984973252766,59.5075526069402,69.9813262161986,62.0906510943736,71.6679311657324,71.8585181509681,66.9446339927833,99.9187294907628,90.0173825534531,38.2633004929003,90.1791518958458,,68.53910087312869,69.83317761222575
1984:Q3,73.4157742592062,69.0586924303156,78.0638546586127,76.5909893089652,71.7131538314037,75.6211681082748,67.2457428167769,66.409257269374,70.6161448106326,54.8922803042197,51.29627789663,80.4414824929671,75.6668659559809,39.9198272112724,59.0756206371666,70.5301622133723,62.2557458561942,70.8634231292173,72.60764375106,67.6213986383939,99.4337831395867,88.8452087139288,38.7398683202658,90.6968271090346,,69.02684492374428,70.3008187828647
1984:Q4,73.717859773827,69.067784556702,78.6886448402203,76.702884246658,71.9653034609059,75.4020345445584,67.168397201541,66.4639737754819,69.6643931765119,56.0080060345749,51.5059369313938,81.0994125392316,77.0615709646909,40.4281646270728,59.0134900211405,71.0404168027891,62.7774808657137,70.2184643993806,72.5326899948923,67.958165931825,98.2276094288656,88.0777012235883,38.8640464774531,91.9006454990549,,69.44243170686794,70.70556753018582
1985:Q1,74.0178393523681,68.1428707949113,78.6929955717386,76.7381829136618,71.8546267177691,73.7911149170598,67.2135848477875,67.2978126689942,69.9883333368577,56.6234175241226,51.8309553051699,81.716466210215,76.8944183154614,40.6912494725199,58.7928656537954,69.7362640361041,62.995658497651,69.7273096343442,72.5936004328927,67.9253327283525,97.8993645103568,87.9049139007028,41.0627657004589,95.0545914544655,,69.49257841008017,70.69970554109548
1985:Q2,73.4696968953021,68.7885886939996,81.3950199065594,77.2374627486017,72.2629040410477,73.8745119715415,67.3958056549593,67.4427955811634,69.9131923163861,56.8449258970545,51.9925058427742,81.7322702539289,77.2280864275476,41.5386348613694,59.1336300405991,71.3711499964582,63.125783770542,69.8338562244053,73.76436076941,68.6731570562772,96.1675485709719,88.1822707850379,40.6536508143441,97.1311525824592,,70.04105442094934,71.2039827767587
1985:Q3,73.4285505005606,69.6771989143124,80.9775399325015,77.7566542289269,73.1039642345785,74.380005735935,67.7169788891389,68.0049380631804,71.1840846649952,56.9879282768621,52.0470445077821,82.1043411066975,78.1702597005463,41.9205802679612,59.8954284519531,71.5296574539038,63.1500200692928,70.2721195063336,74.2137869632461,68.6097031891359,95.0768671089756,89.0182404646014,39.4370149258394,99.480602492251,,70.32655124614129,71.53401526747301
1985:Q4,73.9518957437842,70.6637364276794,81.3079933990261,77.8388046027988,73.6541630622654,75.3885377815769,68.1793396495743,68.6483000351031,71.497088515752,57.4146268826403,51.990906346053,82.1684454099044,78.8220546764793,42.9118223141849,60.8099931325881,72.5887191697262,63.1665714546205,71.0009429931838,74.6197076406725,69.0373037849903,94.2274696544105,90.4062390739872,42.2984113888912,102.120383919065,,70.8087599538756,71.99234067764274
1986:Q1,73.8211450386076,72.3295263697937,80.7454188357815,78.2935036183036,74.569769172707,78.0507186596963,68.7598863647293,68.5006079503807,71.9754664751957,58.3209155933989,51.4757716831715,82.0555175832832,78.7839765234888,45.0243469040388,62.2048250626286,71.9583939288324,65.0134968266,71.7361463140146,74.8494376469607,69.585457907706,93.1440910302778,95.669130102109,46.153332347484,108.385835353483,,71.33459515408322,72.41110104840219
1986:Q2,73.3065274994305,72.9357068741343,81.655211691589,78.9830876995311,75.9686702974714,78.9845544243535,69.3204596239088,68.7562382147717,72.3260174617232,59.8408855338722,51.510146094939,82.6737011320697,78.9540777084216,46.6980833868071,63.4390161196766,72.8970324190876,64.6136570734829,72.5604538505629,75.0220259068346,70.1854065015166,92.2437004173649,96.7216592211752,49.0762653135678,110.253611292562,,72.00470857239443,73.05980297576481
1986:Q3,72.4698185922473,73.2422906209161,80.8390823181601,79.9803559095214,76.6201104632484,79.3542236840714,69.8526753716854,69.633897029777,72.4618894993783,59.2466340682635,51.7405272994392,83.3416602239793,78.8855363882921,47.7798067534098,63.9763584124355,73.7986934602082,63.8310121739205,73.5260990724101,76.8387197792886,70.4519791973799,92.7323551449916,97.246193554165,51.2715553949317,111.029982761769,,72.24269280066164,73.29673271108994
1986:Q4,72.1005849090489,73.3436952018302,80.5599014653715,80.7475868785985,77.3077769251892,79.1850068807027,70.3768806164129,70.6899422729173,72.6588502575352,59.1287965664274,52.1774271205978,83.9749967378735,78.9217877135864,49.8279379142068,64.2679950089615,73.2770266824717,63.4535931436831,74.7588656494557,77.4128531362427,70.4640271598518,93.3932749143408,95.9547312233671,52.6597971697903,110.691637713164,,72.43545543374049,73.47847803335816
1987:Q1,71.3852136215561,72.4972358629685,81.7766725248335,81.3305444740998,78.1426027613898,77.4367811310529,70.9152179987046,72.0184818891524,72.1223444150688,58.9799388207927,53.0637404635591,84.4566181731824,79.1644333005557,50.4350645921329,64.1387846241716,72.859121167434,63.2827020269556,76.719985017454,77.779975986535,70.6611070643313,94.386896058884,91.7200899001821,53.7979454593262,107.666809694459,,72.6552388865933,73.640618782606
1987:Q2,71.5773857558633,72.7327665288832,80.9923698621338,82.2356533188951,78.6335920007627,77.0459835155912,71.5141000161192,73.1084021182846,73.2666094296617,59.9592923590271,53.551854164228,85.0373313462214,79.6952434610314,51.8944567568276,64.1708761191181,73.1358604405991,64.041224933501,78.8885946084954,78.4861998202778,70.2496713595646,93.9605811561565,89.7917976643733,55.0121660271721,105.681491851544,,72.81945897386258,73.83961184954606
1987:Q3,71.7317524368276,73.1253466727696,83.6871763087521,83.1823505051534,79.0422750731282,76.9617071009472,72.1836498287037,74.0117873057203,73.2500089862123,60.6631012963081,53.8930466363816,85.3993779032082,80.2231050099554,52.914593245235,64.1373400142514,73.6277304552582,63.8400772773523,79.9237445135528,77.396298411591,71.0143095207638,93.4202077086198,87.9030272923265,56.573518583431,103.301942739116,,73.44939169759208,74.43750034360102
1987:Q4,71.2129199692094,73.5618329161986,83.1367546487007,83.9442393136049,79.6885255363582,77.1423934487697,72.9283515716836,74.2914715631399,73.5339417487381,61.1606754006804,54.1265633252562,85.8769849231075,80.9546029525102,54.3470489067215,64.5935194874206,73.7559688444876,63.3257937042807,80.8770268881989,76.736563203763,71.7950438948764,94.2209743938289,85.9405141400685,57.6142094545518,100.556777737338,,74.02931360637022,74.99897195892763
1988:Q1,71.7768203676267,74.6171987491749,82.5505710157985,84.7926894125165,80.6654017903893,78.0508404657892,73.7341828260909,73.1328454410383,73.9613229410879,61.9131158745903,53.8663317700627,86.60726536626,82.3527579161665,55.7040938556594,65.0138656404465,73.8456207242561,63.0912923361026,80.219963878843,76.5811168049653,72.59548821087,94.5448420046243,79.9937874653925,58.3624996488177,92.0822277953447,,74.7392027255621,75.70700937901061
1988:Q2,72.1704273579727,74.9280170007029,84.5421319446774,85.2183929693124,81.0441298383084,78.3492740940378,74.49765358188,74.2626601978659,74.770208110413,62.8688874108273,54.1124616049239,87.3273896118689,83.5374929408795,57.1040075291023,65.9049920775161,73.9317975217433,63.5018440920655,81.1295724583342,76.946788839382,73.2058928044299,95.1187546387725,79.481392358042,59.0848945314096,90.8270924347142,,75.48772664479121,76.45543854890751
1988:Q3,72.3409487199582,75.2420946023108,86.5514143813382,86.0573125540768,81.0409814946714,78.5140765680135,75.1876633353501,74.9803837079833,75.0601800388436,63.5940417207122,54.4705466740471,87.8844129828726,84.4328697316709,58.3832351244521,66.8441251391943,74.2653027851689,64.2669876128055,81.6998351855161,77.437490278735,73.7472243517413,96.4342784377834,80.5529600799051,60.2790252691341,91.2796561846948,,76.11241750646887,77.0657083038196
1988:Q4,73.6385205061172,75.6771344892147,87.8600544217239,87.0404393562624,81.7650619391307,78.5137142573353,75.7853008437184,76.2395554554535,76.0226053985473,64.2310713952818,54.9028056283155,88.5687153825761,84.649028057321,59.1336705729928,68.3150265011382,75.4386177265026,64.8645434145279,82.3279937797038,78.0188056926841,74.273721080025,96.0318487927482,83.0402937835087,60.5776754934218,93.4657365380316,,76.72826290155386,77.67688354816428
1989:Q1,74.8479607344858,76.4153870827088,88.7143199141642,87.3845719955965,81.3273176344695,78.7578341911941,76.3141098118611,78.3753730777614,76.287469097054,65.1889266946745,56.028471169252,89.1834047868589,86.0770161607344,59.5415975887396,69.848209843733,76.6013597314605,64.7860769910468,83.2402973505681,78.642222684836,74.763125912866,95.3850917776251,97.4827748092869,60.332356233889,110.090951633055,,77.42435597003754,78.34337584086617
1989:Q2,75.3768337008701,77.2518705499448,89.8239962579874,88.0019134252427,81.6673125959241,78.7128875549396,76.9940324131254,79.5435315981377,76.1553592038961,66.2295816954701,56.5479518794145,89.7687259519766,86.5381237013844,60.3733935091054,71.1662735667518,77.6685645743276,64.2816706932256,82.6255626233596,78.3989474748134,74.6354304635842,95.0874791700186,100.298352955775,60.8737140577826,111.338798850377,,77.69078056482599,78.62627814768568
1989:Q3,75.1114461316237,78.2482532993317,87.4875614865648,88.9641350922717,82.8650144845652,78.7804489733802,77.8640860620289,80.4891560286413,77.7558423358738,67.665008223214,57.0659055965651,90.5788954093816,87.3533198514709,61.7829307989484,72.6618123930806,78.8955511173885,65.4136399394187,82.0413089626559,79.7906278462483,74.8915562066783,95.7214854987069,100.0220046441,61.9756006647915,109.298562091758,,78.26837079238912,79.25033828722583
1989:Q4,76.5942586819034,79.3568877079002,87.8197406026311,88.9056011927923,83.9116566211716,78.9671573552742,78.9289963687791,81.0691561001299,78.5409524079335,67.6687245136021,57.5740046775094,90.9846500478103,88.8462490370907,62.4243620240261,73.7968500256185,80.3405012054534,65.5418493698178,81.4270389966999,79.3664383457298,75.2586725092007,94.8342854891565,97.1484497742437,63.058569487335,104.149363807979,,78.85134582168172,79.87500627916192
1990:Q1,76.8579295440384,80.9628168600939,89.2779728676217,89.2764449527928,84.4187020369886,79.6900051623689,80.1458272362643,80.2444756026654,79.7713629561276,68.8975744949529,57.8032961012523,90.9799856179546,89.6520764286431,63.176231022866,75.2662710003037,83.0404031442705,65.2676454621589,81.367112387617,78.3247442559344,75.3420946738163,93.4910557722867,87.8137299880913,63.9368462154763,87.3103404757055,,79.23772024534027,80.33616256938488
1990:Q2,76.3987791894576,81.9731213375818,85.8997119126858,89.7127137150656,85.4292371304943,78.0610184219409,81.2269764137986,80.7442346819227,79.58989177264,68.6987474948278,58.2174680869088,94.6235767417638,90.7708544433499,64.3671455670152,76.5983963726814,84.0705365001261,66.1124887939237,80.8937251653435,80.5414129306247,75.565322955667,92.6896933059031,83.0102556726686,64.5872016099576,81.4325921579071,,79.66071635857487,80.86347686808737
1990:Q3,75.9885115431011,82.8520537520783,87.1819656508683,89.5860034830937,86.4817495606666,78.6167600231349,82.1683311638191,81.1016226343064,80.4002876293703,69.2491587859425,58.5483744287842,94.9798994140456,92.0536171464174,65.8520075710297,78.2569029583734,84.7527851554691,66.2757531979856,80.4662481251217,80.4305269818063,75.3693709321743,93.2800474933734,78.2231265908728,65.0687799138177,76.6869666104155,,80.04144203658998,81.30700502075744
1990:Q4,75.8124131098493,83.6707908112345,87.2513869077448,89.2712176342898,87.0556745107946,79.1269978804483,83.0391898864743,81.3519469858486,79.7292610643454,70.1434464376922,58.8236953714401,95.6840087055274,93.2113669616641,67.5547436774241,80.4529080979336,84.3264062689748,66.7651407150204,79.2409622278248,82.3337154208026,74.7709227377339,93.243917421252,73.234871091133,65.8604530508401,72.9182687295196,,80.11999366001334,81.44397691860583
1991:Q1,74.7960947434844,84.1464538317989,86.1757719236681,90.1161269242795,87.8078634600263,79.4789253837673,83.8563252589008,82.5456566599378,80.2026778937702,70.4825047520399,59.0629510463325,94.0677993375763,93.6766182025157,70.2327986319375,82.2527698282581,81.7742022839701,67.0409770431963,80.25611372966,82.3130393758637,74.7355962808195,91.8280180366327,70.8376420365118,66.9331837927833,70.2607242524991,,80.19831930028376,81.58695013470874
1991:Q2,74.7235105520568,84.993132990264,84.2351490221726,90.0787088997035,89.3067499204521,79.8178867857553,84.428415155955,82.8319322675798,80.6882163937614,69.9265504790771,59.2435764563711,96.5583917699928,94.1351613601315,71.9878761481559,83.732215166189,82.085039995698,66.9959737568273,79.7632304139611,83.310268525624,75.0256406295015,90.8536609573203,64.6352684967327,67.8647583566948,67.9265816291951,,80.61244351028512,82.07133961006998
1991:Q3,74.6260008987686,85.8514339769898,85.0398222720363,89.9169122550319,87.4435253320318,80.493829541156,84.7200456701255,82.8687630520231,80.3245074296818,71.3170756620701,59.3851294727409,96.4511896466331,94.9429067801789,73.1002259101576,84.716646437237,81.7067896815958,67.9438088113217,78.7529941185629,84.1174027193001,75.2382303725358,89.8266030983471,57.9032290859161,69.2546167183744,66.2161246902141,,80.77497059123395,82.17683304025265
1991:Q4,74.3884173589269,86.6573524127596,86.0032988339766,89.7233557041653,88.4938925304342,80.6944574171041,84.7254275165308,82.2692559266195,80.4470438749977,71.6006753857202,59.4743777644043,97.3524106897464,95.1223393690574,73.7041240369583,84.6245107749743,81.4427861226361,68.7843256014185,78.1627987127401,85.1940880406701,75.731986876789,89.7335171579266,50.7596738769828,71.0268082152746,65.0857171191483,,81.20091240630893,82.60974233964193
1992:Q1,74.8617097251752,87.7162357039308,84.5905526476089,89.4268210980351,89.6992198981463,81.562534361851,84.4979114932287,82.1509384336766,81.2555346340229,72.2838016686419,59.1123666698055,95.1130701769809,95.7219107689792,73.8785014442099,84.5855497113042,83.8508769863276,68.2044350421872,76.7536120426909,85.3891014007089,76.8103964952005,89.5233589416596,37.6711691051637,72.3380298858256,64.0316090574361,,81.75410132046983,83.06355628723736
1992:Q2,75.0624453117438,88.2615789004958,85.7575262571972,89.1807417586842,89.6036854228061,81.5998753875426,84.363318204958,81.766988285689,82.004933732372,73.0980730234189,59.3496004989462,96.9370790081513,94.4851150588,74.5400518116461,84.2278007263551,83.6839804966184,70.9086301037565,75.7328763782513,85.6310551345929,77.4198459304146,88.6188146377947,33.6884365407077,72.8101221149424,64.0995073715349,,82.0952917055924,83.35714441949938
1992:Q3,75.4779536280714,88.6391976611284,87.4827830862909,89.2149733832659,89.9147442351274,81.5855842912396,84.3715994027118,81.2949078703204,82.3748404807028,73.6656592270101,59.7739143815387,96.6634533802621,94.142142243145,75.3345153348039,84.3948758152006,83.7980258461929,70.2305867197546,75.46733423279,85.9946125124248,77.6452803147339,87.6299345389736,31.0724193878047,73.557962098549,64.8979864415519,,82.30406010692376,83.52701632035192
1992:Q4,75.2847464170797,88.8750283632467,85.5540021785051,88.9251723574236,91.4147789760347,81.0552766370247,84.5173597787892,80.1948417115519,82.4064044818832,73.7664843966115,60.3845647198575,96.6796803766512,94.4916774189093,76.4083923353264,85.3894969796212,83.3185288383804,70.6075368856832,75.0727025042118,86.8068669852059,77.7761959533157,87.682722146097,29.9666500632761,73.4847062324657,66.4546375104425,,82.49417966848165,83.74285686674494
1993:Q1,75.2095647836783,88.6905859288566,85.6510109335171,88.6307572142409,88.7387277727993,80.2540120580602,84.7467711522438,78.2030945922783,82.0984831188323,73.6647985066634,62.0316270879377,92.8744050336845,94.3348231680131,76.189066630364,86.0578416675614,82.0293569822985,72.5132327721046,75.7999609561941,84.0883424390053,77.8691386884332,87.5488728825413,31.9951753471312,72.926070893174,71.6554931283556,,82.07440962925646,83.06743020668866
1993:Q2,75.2740560683465,88.9008787641063,88.5777156295605,88.2506468967578,89.230090343003,80.4068541726085,84.7594074740983,77.2977757759086,82.5259693451295,75.1000700890682,62.5492795716675,92.2828855820572,94.6260308839511,77.149388842008,86.9596540545224,81.869116690956,72.625545054343,76.0340584743975,83.021345825052,77.9183559304005,86.5705144448371,32.4600320399285,73.0368332474784,73.7620685375353,,82.37725490836543,83.34425067526489
1993:Q3,74.9303612303664,89.1796074477545,85.4365562447395,88.0767903107736,89.3989422393116,80.2740684420057,84.4697619163506,76.3923858970634,82.1006939332248,75.8294311764541,62.8002178989178,91.7008141055722,94.5174936936936,78.6949466396718,86.7955598800496,81.5641313181345,72.0554566117741,76.0413954370412,81.7222586814764,77.8809585621991,85.1120564525491,33.1016352834892,73.8008214764529,75.5724267705471,,82.24559660795543,83.18784025174664
1993:Q4,75.4463436896985,89.5374204105411,83.9671937309716,88.5944435060069,90.1795759816956,80.2321174754276,83.8266207882452,75.4379632586377,81.6021482622746,76.1023203880134,62.8084145372437,91.3804264003893,94.182180124374,79.6330010224291,85.9622144696354,81.553596217506,72.249784060018,76.3853566142851,80.1032234086912,78.1454893222037,83.7444861401099,34.1781585950104,74.223663389419,77.0621734944148,,82.29524634498279,83.21572806711784
1994:Q1,76.558185486365,89.3947165953945,85.6759895865082,88.8350990918253,89.6353883133408,80.0741412718538,82.9228801174264,73.2001010773606,81.8681963378606,75.9756235183967,61.3301861382074,91.5509748570232,94.3160430283728,80.2460447686607,85.5469193886363,82.4068047510833,73.2409586970013,76.8278744496865,81.1732119382938,78.4980427052224,83.7278915051842,35.5970563133396,74.377394199394,77.4257663284818,,82.52160279796988,83.33660736001357
1994:Q2,77.553874009295,90.054154784051,86.0132528661503,89.542152503215,89.0744714379457,80.5229728441291,82.4851279654537,72.8355390683299,81.8156434334371,75.9748435956119,61.4303656218396,91.4231060861516,95.8504030514541,81.5444633752042,85.0925228845764,82.8403831563664,73.5246273715083,76.9998997814711,80.6188282905247,79.0282619789364,84.2019864717341,37.6577348551982,74.2115722129477,78.4275636121562,,82.9641048074332,83.76089662705785
1994:Q3,77.6748492179919,90.9720787214234,85.3103340814551,90.0633767447847,90.014375067036,81.1240472961007,82.6112944741316,72.8615520363116,82.4235561510856,76.9279346167796,61.8321484929315,91.3979394440465,95.1147902785961,82.5713259633977,85.7913874677477,83.1880853158671,72.8956394390442,77.5678488021477,81.3262345581587,79.4114049998154,84.9993794484588,40.2833947486791,74.4363138767855,79.3936259134622,,83.2646573377145,84.04061712005903
1994:Q4,78.1282568921678,92.1484093126983,85.7358526354333,90.4386097208901,90.7096654515097,82.1000019835087,83.3004462673216,73.9098005683003,83.0942216424427,76.9159646826454,62.5162983919085,92.0026164100891,95.126142598931,84.3584453856615,87.9053119792225,83.592844540754,73.3320344553048,78.0347351282667,82.3383362107315,80.1731470774545,85.8999914848007,43.6212643189966,75.9743210665127,80.3225282764948,,83.89319886996071,84.64104932122764
1995:Q1,78.4414461139743,94.8149194999416,85.6926365614167,90.4264295168163,90.3645005782003,84.2953925797918,84.5000724026704,77.1723476390042,83.098104444604,77.7860518483233,64.4778345315241,91.9264105113714,95.7243543935831,84.6133996909177,89.7931976088452,84.0684458587414,74.2134561284839,79.4140696971931,81.9371575397089,80.7146195836138,85.7482100668389,51.4038907539173,79.7316061224898,81.0256490545775,,84.38680915403584,85.0846954504082
1995:Q2,78.4128270635192,95.8802871145768,85.7433268464545,90.6843581081279,91.1114483062988,85.5605209473383,85.6505426374485,78.568769799039,84.056762830385,78.0644163277087,64.7035719706898,91.8632574202687,96.1918846006103,85.2800886614092,91.5691939225826,84.5561268305247,75.0978295850285,79.9888129050395,82.0420508119594,80.9206051972707,86.1772876199254,54.2181784030122,82.5159431969545,81.8469811398443,,84.79783965883422,85.506036366666
1995:Q3,79.0695196142354,96.3701510044662,85.3605909716226,90.9044356810944,90.9233554540134,86.6076371716345,86.4698092877406,79.6986683420619,84.1295765003252,78.602779901612,66.4511230151537,91.9028811359131,95.9576438009244,85.8497285608792,93.2988519682161,84.9492316003677,75.1951427409483,80.7131936506774,81.3854787742891,81.3635681642633,87.1879280593272,58.6936556914546,83.5095170285039,82.708849851507,,85.08832066592673,85.75818624813826
1995:Q4,79.7829076926059,97.2448595936301,85.5376020036975,90.9722941526607,90.6943234395239,87.369806988953,87.0104842007269,80.1718048294273,84.4156662402487,79.0862503791687,66.7496499450963,92.0966864290401,95.5545899327131,87.5525020528722,93.7414636479629,85.1569087850786,75.4936331330244,81.1703003283402,81.5014921009028,81.6966011303275,87.4033367250444,61.017628947209,84.2972951114919,83.6125591419775,,85.3555679173932,85.98315364411748
1996:Q1,80.3594204849262,95.3572982437553,85.5546395017768,90.408824640006,91.6438211852146,86.7360287085675,87.3392889743286,77.6855870379713,84.1635294473359,80.096348119608,64.9623010524199,93.2094559876801,95.2961158165737,89.4234372155724,93.4833661589384,86.2870493896925,76.2622451580653,82.0668266488095,81.5013128115968,82.2364274389902,87.367302210476,59.9318319141374,85.3992761996753,84.8080799168629,,85.79728229860498,86.37445312114936
1996:Q2,80.9974300366813,95.6921592564474,84.8618199813876,90.668987871299,91.6364435949152,86.78304565317,87.5227041035443,77.8850360297743,84.6670566377654,80.4337442271351,66.6079026941765,93.4658204622716,95.5258264026564,89.5945950661563,93.858030724425,86.6931115628698,77.3761776163728,82.6517984403039,82.4309486696999,82.7597738655875,88.2559278835962,61.6626791878439,86.4759236325488,85.5942852718889,,86.16636937873263,86.72900252285336
1996:Q3,81.5278024966318,95.5344080374895,84.5659220164021,91.2830105170848,91.5290130153874,86.7548631323322,87.6474841138698,78.5273880325652,84.8345856561265,80.8457908286315,66.9601425000592,93.6798719283678,95.9841597889174,89.9965075527942,93.9557127032601,87.6651532944902,77.8354948450165,83.381370896617,81.0452620707976,83.1801971566746,88.7078195102471,61.6829086550001,87.5737409400317,86.3268520901669,,86.48236816736349,87.03449717466358
1996:Q4,82.1630023738866,95.6224292355612,84.8756461383804,91.3486363239023,91.1806820452458,86.5413793340694,87.5503486275626,78.9367933114931,84.5607698172675,80.0460863436154,67.9303904189772,93.923684133829,96.4237780525958,90.7371695121152,94.5082219653396,88.3703668354316,77.8265265153369,84.0040055439717,79.9040752064178,83.4481034122311,89.2066764288687,63.751551417876,88.492807141717,87.0045055167009,,86.64190113811796,87.18064710237806
1997:Q1,82.6059596091956,95.7217661706313,85.5363061651019,91.2721489155688,91.1562788026203,86.5554993243147,87.219075120302,80.8216885390315,84.5840820727481,81.306286664778,68.9790272315703,93.9435047575675,96.3023516553378,90.6909826729439,95.7044516766778,89.8742178361468,78.1779222348518,85.6379160861535,80.325112039521,83.8569507277007,89.9051909416765,68.3714150195449,89.0681052572916,87.5813111373607,,86.96925404906463,87.41956789917887
1997:Q2,83.2027346297373,96.4053423372881,85.2899593342931,91.6360024503927,91.8885575056348,86.6142790425711,87.2578594376779,81.5213611323958,84.9079748177242,82.6781299654078,70.6868575821345,94.0311158158857,95.7455291915278,90.6446757598347,96.5789245058316,90.3059842070847,78.9228192842651,86.325423145751,80.6341357122574,84.4292395042466,89.8996664929398,69.7057150445345,89.7453193331807,88.052800737966,,87.3518066625805,87.78071572501835
1997:Q3,83.367940312955,96.0792198485486,87.2586139925774,91.9928746309486,91.5758359611589,86.7188367832262,87.4109063640734,82.1565120773338,86.446613959409,83.1711022338905,71.3471249791277,93.8546042911448,96.1339916028202,90.1864639394853,97.5792951459092,90.8775704864974,80.6297421196498,86.1520389190342,80.9232336532649,85.2119966654796,89.5538858921244,73.2023588798956,90.7756555205352,88.4895042715701,,87.90932470763923,88.30980445570769
1997:Q4,83.2646368587248,96.6432129883072,87.3445945881589,92.4565912515926,92.1144193096546,87.2395303410543,87.8206120121619,82.5942588980857,86.8627814273169,82.4782766525489,72.9694805362929,93.5015313186252,96.40584846274,88.82837536696,98.9185047772401,91.4224137238337,81.2104906143557,86.2289956664706,81.252957771403,86.2549371556941,89.3415635885734,74.4996247330231,91.7915811611821,88.8911003665038,,88.3896838151125,88.77048739510504
1998:Q1,82.8818747301146,97.3423336690289,87.4134790429352,93.1767542429863,92.4596918129453,88.7369383248491,88.6545335779189,83.0816374117471,86.9769692153173,82.512796262119,74.7759896122552,92.5906176929449,96.5515302748484,85.2043692498933,100.448052214071,92.4207500194638,83.3162421429653,85.2690445111421,81.6066483035478,87.6701997872548,89.3832330609344,75.6922740405144,92.7291567631261,88.9064343329602,,88.9480283629962,89.24452211309882
1998:Q2,83.1715036201983,97.4023361993942,87.5002246630422,93.8169270080921,92.3130602587302,89.1270513362468,89.5082093831969,83.2527814426515,88.0649482055232,82.9578476784349,75.7844289955041,92.5727305955123,96.1288097177527,86.5034845196236,101.445821020534,93.2474022322672,83.9988852703296,85.1376132155307,81.8959752366779,88.6757415169646,89.1233451844826,78.7485335572117,92.7838789408314,89.2642190854335,,89.5102737053462,89.76212246820366
1998:Q3,83.8516219016316,98.1058510723565,89.224606214281,94.8716970921296,92.9879188736466,89.1557406579737,90.477866369918,83.9717731598424,88.9663137992721,83.0114289175606,77.2856620544277,92.7701253158382,95.9534059945474,87.1699474061728,101.625068201618,93.8208329932287,83.6563686413409,84.998682454179,83.0090663128431,89.349358877215,88.5385326530479,79.6416316926268,93.0303973486874,89.7340258779911,,90.05907950844154,90.292906039097
1998:Q4,83.7464453873121,99.1838042284245,90.1608622074571,95.5945822159317,93.5846863704533,89.3261624240025,91.5669069955612,84.774486642954,89.1316131787906,83.8791580401837,78.4212181232175,92.9162032908631,96.0654230360879,87.0420715707112,101.180234896359,94.6791745860812,83.9897396112841,86.308596388019,83.6564609588036,89.8229285632364,88.2150224473447,80.7736507641939,92.6667935808047,90.3178336975204,,90.50297506412122,90.73179281015635
1999:Q1,84.4562298094507,99.3793301724048,90.0047443363396,95.8213393601194,94.1236940855565,87.1912404487025,92.7194328018248,86.178934311924,89.7064823891396,83.6218936993188,79.5699900381979,93.7810906908878,95.8672319631258,86.8918495049272,101.089156553925,94.3214561663964,85.0134413343491,86.9580373964346,84.2495889436273,90.2321890944156,88.2086566359671,79.5925943720807,92.6307477956971,91.4682879622116,,90.81133240014977,90.99620159138367
1999:Q2,86.0778925485288,96.5416061604568,90.7605471658098,96.4057133449853,94.2278751187029,88.2201596472776,93.387766064726,85.2322867465938,90.4172749650477,86.5452589850423,81.8687862111062,94.0035934200719,96.0516736305262,87.7650383907024,100.297295551924,95.7704078305768,85.1621831418781,88.5125302255925,85.4613087249908,90.3424111851231,88.3368997620809,81.0104435701064,93.5807336032925,91.8775266865678,,91.27515919299888,91.44944004348794
1999:Q3,86.5292261534233,97.4539433721789,91.1747566711531,97.0513212508047,94.6332745694286,88.3816933590857,93.7006962164915,86.2203006052711,90.758422665815,87.2872554149402,82.1016073684561,95.2347847469904,96.0146526102289,87.6802225883558,100.316130397921,96.5396632221149,85.2482895652217,90.1887553652689,85.3164928709337,90.741072863644,88.2910330293447,81.8845407844674,94.2299300576122,92.1611365053909,,91.6713781862606,91.85361128352434
1999:Q4,87.0964115759788,97.9314655659474,91.4112904069139,97.7540269541499,95.7965803286661,88.038985679854,93.9944088585408,87.4105726548074,91.9662634374124,88.8881836693319,83.525591427634,94.2563278713169,95.9053509830611,87.8166722366691,99.6136077965087,98.9265553047666,85.1070013830584,91.4593221271933,86.2754309589155,91.6265376793107,88.489226255139,82.3957035803553,94.1868113516964,92.0533263473294,,92.3401993261215,92.51075019911353
2000:Q1,87.3322619408573,97.9452947716369,91.887660104046,98.7319383766342,96.4258429606827,88.072003874987,94.199124999446,88.4741012259835,92.1253560763313,89.2837110418928,83.4682635812101,93.7195427065361,95.6968619254747,86.8063932734252,98.9658486801808,98.6263226538907,86.360663466528,92.217744111022,87.8230816832408,92.2008016558105,88.8218066154222,85.4798795807773,94.3248412224054,91.5727275488438,,92.64050708410473,92.79199070631414
2000:Q2,87.0325472969132,98.750122515487,92.58689757232,99.3811161357355,96.3660588506542,88.8540311779461,94.388296898938,87.6022023154167,92.9694824331332,90.5787213680992,85.9671243200397,94.8350911372816,95.5489819512799,88.5140896511541,97.8455971940927,97.5885336277489,87.8592303812109,91.6339488238578,88.7434982930876,92.896373273971,89.186365894655,85.1961928306454,94.8882122383898,92.1351535165089,,93.2027084599955,93.33512821518077
2000:Q3,89.1822132776622,99.3176733172903,93.5445302320281,99.9139067796744,95.6721629966305,88.1835458412188,94.5843644041686,86.775376138723,93.0532821823131,92.0435214363328,86.4707626186556,95.9313892517908,95.1472474572876,87.6710880033906,97.1635299709562,98.7316171701486,88.0853575045559,90.1411519600197,90.0693461658774,93.569515578643,89.6316831089219,84.2335077266064,95.9753855137833,92.6285615839063,,93.62887685565536,93.7412920282199
2000:Q4,88.6614252073576,100.031282093772,94.9367794210457,100.20622036682,95.3424791025992,88.7549434595613,94.8786409803704,85.1558541158796,95.8198392878647,93.7957079683459,87.3602060419654,97.5910484071729,95.1502207130873,87.6344308400553,95.1742341815378,99.9267369074042,88.14674193889,88.6219865134308,90.9767224861885,93.7931141288635,89.9237763215086,83.1833427627742,97.0700977170142,92.9855293358622,,94.13613899344158,94.26208155818097
2001:Q1,89.1565192122733,101.343249399074,96.7837302865947,101.321034495452,97.9444568494622,89.9067452330846,95.3787512934428,86.2529279299578,95.1880189418173,93.9767019604661,89.1023574812592,98.5804079236813,95.2787431664655,87.8600922779897,94.6975859315385,102.226256748974,85.8074260446904,88.7595786461016,93.0468934339289,94.231231734851,90.005749337714,83.2427634213884,97.7408279002017,94.2163779884173,,94.75762546560958,94.90136038032765
2001:Q2,90.1060807172456,101.443580290909,93.4080001022102,101.466061797569,97.7652631533001,90.8719947348763,96.0032851594162,89.3312755278694,94.8458850546658,93.216149298662,89.9914525153279,97.4838866143476,95.4206382669144,88.8943849670685,93.7173829255572,103.127912780966,85.9721078711319,89.100572478822,94.2217778969028,94.2032645798095,90.1436117319457,80.051655797085,98.0933214426959,94.5560931932509,,94.63842008424024,94.77632876124233
2001:Q3,91.6425618447117,101.118200026906,95.5155969555688,101.645120090544,97.6331730881225,90.1477870153039,96.5453465126033,89.3251745270771,96.2393142986215,93.7577940111328,90.1832026930442,97.2871268744055,95.6282443347959,89.4889557697389,93.9651538609063,105.009678183711,87.7331918750047,89.6578286046092,95.6660650353567,95.3279122808775,90.8729652874206,81.2632588753987,98.7641955255754,95.4808834015881,,95.4387214922495,95.54346647867146
2001:Q4,93.0426843877023,101.53990186576,96.2682883602238,101.932481554198,97.9040050583753,91.1421303809082,97.021644290798,89.3487960956728,97.2118894590749,95.1015439795925,91.3525408278714,97.476282779821,95.940835591145,90.7917362663821,94.7602486351951,104.127826395587,89.5972393094781,90.0229970081071,95.529040173226,94.7226938622478,91.482645724058,83.9499496833656,99.4188546565591,95.8368509927544,,95.55318809950775,95.67620233357346
2002:Q1,92.4568374417852,101.376482147024,97.0794917242027,100.736987650851,96.343250906934,92.2777504769222,97.2508405267062,90.7300283412877,97.0794181672226,95.8438732349632,91.285771138617,98.3246192651684,96.2837641646764,91.9374348647881,96.211601841479,102.708266072983,91.508651446301,90.2598360984168,96.5955883815387,95.938780958058,91.7618453740308,87.1315017369902,98.5633878562883,96.4769613268256,,96.12304811696153,96.17311939222006
2002:Q2,90.2832720065083,101.33867072172,95.9745264006896,100.482127304688,96.0685574731308,93.6243471940422,97.5886936037583,88.7518006494943,97.4268773059385,96.3831793951253,91.6100505611067,98.7012264037111,96.7743221108777,92.6111947350887,96.802734145076,102.698049858573,91.7558208885439,89.5464220944672,97.2132481409857,96.3894267210463,91.7941537912889,88.0849693739884,96.8114333709063,96.7001047474689,,96.36186092719419,96.40335482704671
2002:Q3,90.0612782417439,100.432529023784,96.2098692965416,100.068547601369,97.1206313744765,93.5596133298646,97.8028961914107,90.7083106448913,97.6677935108857,96.059225598646,91.4970449452418,97.9467330960041,97.1010027114835,93.0929171601433,96.5014155811416,102.28304333348,93.4021585019364,89.2621694474836,97.4627781723782,96.2364335250664,91.7331394764254,89.5189816814298,95.4903932932927,96.806415195491,,96.40092380250631,96.45368756161476
2002:Q4,90.0733896712427,100.889725362302,96.3360064974964,99.6654120298943,97.5403550762735,94.7375662026645,98.0420277718071,93.078571626556,99.8212533246628,96.1584814194045,91.4535516657284,98.3333215960741,97.150295497799,93.3203988014752,95.147939423984,102.290587664601,93.512312103907,89.00940659652,96.7877833806228,96.3632130620538,91.7495903975673,92.181634329785,95.0347455393697,97.4181527899264,,96.68083794442335,96.74663263643285
2003:Q1,90.6811095132904,100.31751792159,97.1760634009367,98.8269935697992,97.5103847220462,94.7997402772095,98.2541343810531,93.5197199546545,97.4820313007029,96.3731162565263,91.8441567744793,98.2778017258231,96.9844875159235,93.0514485130382,93.5043677697652,100.62559331217,92.2121034601681,88.9540955339251,96.4968162419536,96.2025124371891,91.9327024614633,94.1292195376256,95.1071183637428,98.2950428349627,,96.4698433940144,96.50691237817163
2003:Q2,91.4926649427208,101.242718042473,96.5655407049051,98.5111056998463,97.6901158127215,96.130477118593,98.5534676150644,93.8245287873549,98.0036121530472,96.5713549818424,91.8161201376928,98.7005687719108,97.2064608362845,93.9907406163328,93.2722388159766,100.594739953471,94.6862694116649,90.266165637514,97.6682161195522,96.9280680938951,92.2588088984306,94.4665047835832,95.9584547848163,98.217892518227,,96.96351425471853,96.99433872490633
2003:Q3,92.2763139481186,100.094615225934,96.1426225747633,98.3370680404819,98.4051870115604,95.7641361484736,98.9021725586337,94.2930260825611,98.3470974482965,97.0021732213481,93.4722893053418,99.1044863997316,97.5826784567452,95.0930603264004,93.1616334990183,101.38614753061,95.2710529545258,91.5789656007014,97.4521586244092,97.948191861816,92.8336857819658,94.9815405888839,97.1214843303197,98.2573444761862,,97.62695653744366,97.64535877230418
2003:Q4,93.703491978145,99.6253868163788,97.1918705976762,98.4628955492744,97.9707825250742,95.7439917365268,99.1864508631619,95.562852722078,98.7331669318839,97.9823173167943,94.2197900161656,98.898930001623,98.0535793114102,95.3432847862614,93.9242044508575,100.217766372852,95.3918311772356,93.0070735606085,96.9581300861883,98.140036926259,93.6353540504589,97.7701030473469,97.7336529319646,98.831951339106,,97.89626202599142,97.90198508632255
2004:Q1,95.1756978972753,98.8516314643697,97.7356874429534,98.5993196362107,98.7450201407426,95.8679982908072,99.2345662527358,96.6327277932979,98.9007036301536,98.0283548145469,93.9884570491069,99.5811291397507,98.4109972073696,97.0239310986522,94.7127056482177,101.059960826703,95.4985940266043,94.4705493535827,97.0983533086615,98.5678440184967,94.5484674783342,98.6455046909415,97.4252062039426,99.6817377142807,,98.36695790547849,98.36762969256468
2004:Q2,97.1432028258569,99.1449431132951,99.1773843689812,98.6075408536736,98.7293137068233,97.4500286041955,99.2733651869976,98.6860565916369,99.5205917604293,98.9617590688973,95.6681323189671,100.06373699162,98.6187505190349,98.198221926632,95.9183087043596,101.209920196493,97.4836890720644,95.5859810584855,96.696104782948,99.2774830283335,95.5529578971892,97.4892169275635,97.3667045524795,99.9407433073399,,98.99131932966323,98.9833661651479
2004:Q3,97.4127964007128,100.36376462924,99.5481888166738,98.8843569423218,98.8656369535615,98.6888065395994,99.2897485736376,98.4395759294309,99.8390799851725,99.0367978241563,96.8723298254799,100.195180357233,98.9080618314375,98.1927393347496,97.1754772815379,99.2512287088889,97.7159845573,97.1272136574718,98.3515825679086,99.7100580113485,96.5941768447497,98.0964199139193,97.8043739138947,100.820272881073,,99.29821357298987,99.28243593308909
2004:Q4,98.5955103717803,100.607001504837,99.8625415547039,99.0160322582275,99.5781810270228,99.0398838123277,99.4401313413412,99.4087573245012,99.8580393730299,98.999349735235,97.1997174954772,99.6867285904937,99.1016012117403,99.1624804463611,98.1594223205047,99.7787385755733,97.7461593786673,98.0262584861149,98.6621385208704,100.258140490133,97.596790369577,100.828034782719,98.4717875572195,101.250603690241,,99.69996293092363,99.6755670135497
2005:Q1,99.3589704560615,100.148943445,98.5939692822942,99.3111205051002,99.1708979938489,100.075390865092,99.676103238118,98.5988606710478,99.4872220097583,99.2099179083925,98.6345509450895,99.7423538761098,99.5200505018277,99.2010015338688,99.0814837045076,100.504744232737,100.052520826206,99.0242845274185,98.9910983441001,99.4450263763263,98.4925923171949,100.131491436907,99.1853295085379,102.253419768181,,99.42465641624065,99.41699214331979
2005:Q2,100.372424625265,99.0773378994805,100.020649994445,99.7014411417288,99.9298351791492,100.137214546435,100.090831591844,100.056139830188,99.8345907881914,100.002285902273,100.296185783891,99.2329446100206,99.9133139759463,99.9330898073926,99.9291241489052,100.072167773593,99.6773305575193,100.01593845641,98.8960093593036,99.7743571103359,99.4298166841877,99.1725781718849,99.8436627533762,98.6047511101763,,99.81606051791314,99.81757950225783
2005:Q3,100.345203374032,99.7816445311177,100.058229989191,100.24680613134,99.9395557045693,99.7884388717762,100.114483095407,100.552600285185,99.964872087489,100.415907593062,100.197610647965,99.7384952013859,100.259253324858,100.335168110779,100.493194608229,100.631094946478,100.023314337723,100.242205020504,100.3406846249,99.954798972338,100.515983021464,100.364402281541,100.163139842079,99.6662508002584,,100.06799027839583,100.07004400991292
2005:Q4,99.9234015446408,100.992074124401,101.327150734068,100.74063222183,100.959711122434,99.9989557166952,100.118582074631,100.792399213577,100.713315114561,100.371888596271,100.871652623053,101.286206312483,100.307382197367,100.530740547958,100.496197538358,98.7919930471911,100.24683427855,100.717571995666,101.772207671696,100.825817541,101.561607977151,100.331528109666,100.807867896006,99.4755783213858,,100.69129278745002,100.6953843445091
2006:Q1,100.161136436944,101.734801173621,103.506312961548,101.474113894222,100.71099617442,101.493390714877,100.192490128431,101.51164078465,100.578841000332,100.075886069439,101.958957341955,100.710191524039,100.239366967034,101.118036881534,101.061694231322,99.6738322513472,98.8795332269098,101.077426896246,102.559408842422,102.136515918363,102.719365781721,100.184551596081,101.258838414946,99.789234787018,,101.31247865511787,101.28976558123536
2006:Q2,100.618084217991,101.838234972632,103.100849767595,102.001934854176,101.396705819456,102.251459162672,100.357737528158,100.646246184691,101.755660315217,100.625996776541,102.067385729144,100.096115480448,100.664726868365,101.688721725038,101.248096166845,100.825538614001,98.9699019475341,101.316660634631,103.838739635285,102.347205821241,103.998797230197,100.448597221804,102.490833678513,100.421676039078,,101.65966522412612,101.64073476669164
2006:Q3,102.616590402881,100.547168364791,105.264852835434,102.90029772943,101.861459826405,100.217291669618,100.47248022911,102.398983527097,102.136025897024,101.544420084178,102.426201447923,101.026978553659,101.037904039826,102.493147195813,101.693643299051,100.95045264832,99.0051010919544,102.599960185276,104.836373917401,102.471292525254,105.387241188719,102.011753239209,104.112096755986,100.693621076269,,102.1091237447396,102.09663188272253
2006:Q4,103.98211695168,101.991572814613,107.026809615886,103.910768221917,103.285037618628,100.740471743624,100.488771296727,103.395452822072,103.360084433815,102.070158665931,103.178788516037,101.90372593961,101.794917631162,103.407804700947,102.444653004045,102.878214110203,98.3751055106613,104.520792139529,106.665322352373,103.242042691334,106.692578842093,104.193215598608,106.087116767564,103.271847333863,,103.02925506004965,103.01666551752028
2007:Q1,105.115738410098,103.187575192554,107.891867644294,105.190101951025,101.966103238308,100.690241169499,100.230465605301,104.000537712653,103.777697102616,102.660839597935,103.031594344453,102.430604309985,102.449786173972,104.640192236021,103.016630881737,102.233269471277,99.7463857342102,106.362902614716,108.288481733402,103.677152933232,107.791328593553,104.471701935145,107.244614278446,105.080053111266,,103.43271083771792,103.40777451088408
2007:Q2,106.520452316098,102.303621620981,107.068738754197,105.441704363991,102.063348304545,101.059168637227,100.051195627603,104.838477151306,104.370047599022,103.325480623795,102.471974672737,102.799835551227,102.64738760248,105.186763829845,104.153623479319,102.565368036954,100.57852617487,108.785272331827,109.557452927051,103.70666489021,108.695693275027,104.651710292449,108.142621030315,105.821905864834,,103.63108691933398,103.61374349476444
2007:Q3,107.295166928014,103.315727957539,107.071560431419,105.933939933332,102.211746734431,100.804511915415,99.6835822485385,106.030370282072,104.571386950861,104.153437171628,102.747052732635,101.406218174437,102.880971367278,105.952932149817,105.21535944914,103.496711919425,101.530998711872,111.155007831771,109.823274706322,103.534514425198,109.407233911518,104.908453862094,107.458469233401,105.006687338683,,103.6780401445473,103.66806942268545
2007:Q4,108.496094372311,103.118120103002,108.476646780193,105.711782003312,102.817237533584,102.321448822835,99.1621847188464,106.093771230536,104.8408859217,103.707500464302,102.873074463383,101.109813393885,102.670604161073,106.123585831839,108.188292675198,103.889064166666,100.788664622884,112.588663858606,110.045979395852,103.39926933379,109.865622628338,105.284136418343,106.949843902886,105.709896278036,,103.70545285685795,103.70012037397406
2008:Q1,109.765697706064,103.895334769498,109.994345630902,105.123219027046,102.686483605712,101.653434016537,98.6957180259298,105.918471728396,105.028307548186,103.101097321596,102.362843213274,101.080470164179,102.514188947881,106.672538477374,108.152222961368,102.841182977857,101.307002422123,113.598313671611,110.978182610342,103.754408846044,110.081460987939,108.152918076809,106.841913937745,104.848436168937,,103.87328528105452,103.87410267808146
2008:Q2,110.569739959537,103.547817657021,110.645382328006,105.019014351753,104.180511071849,101.084557558025,98.6058315425139,107.06604750295,104.189665661501,102.904112104031,103.121288928799,100.702865662542,102.473116197949,106.335781481803,106.491747414449,103.628877760794,101.81945647653,112.658553001325,113.017314008954,104.634957439312,110.056575986808,107.4162177068,106.90509220449,107.881907886677,,104.33512849546742,104.31607454657916
2008:Q3,111.760710482065,103.528133107334,111.51660031664,105.238176882539,103.576216532422,98.5197626397483,98.5785377006165,106.763408818234,103.579198438887,101.476884266605,102.875614233343,98.5529342932,102.321219406714,106.241357586899,108.307620231779,104.155845336898,101.312840621424,111.190357342283,112.272924743227,103.132040298715,109.699707442604,105.02564562893,106.964445451019,109.977485124609,,103.46230555813783,103.45361331942213
2008:Q4,114.755893217835,104.777836120909,111.808827198637,105.947735601124,102.231342684337,98.2644834593448,99.0393354400029,107.195360696895,104.137834825295,101.496735287127,102.85115854417,97.3492816064448,102.808463330607,106.254015013061,111.271327497054,104.194625558655,101.195014092967,110.59096250883,111.183999224364,103.219820942961,109.00755976095,106.198463213454,108.446133505888,110.189815534661,,103.53032746508963,103.50800640327492
2009:Q1,114.4267863394,105.44755249848,111.577665814613,106.214766184148,103.113330576073,100.575619053415,99.8563813616044,106.518707472253,104.482817836183,101.280513495571,108.555626014,98.310757601356,103.557591822142,105.868390812056,108.850388221569,102.284269750519,102.005124041798,109.535961446798,112.1779647027,102.977931809191,108.013241067209,107.624932968237,109.44481052888,109.954299324459,,103.66452132729168,103.68470717820014
2009:Q2,115.227578651812,104.120698800438,111.507383046539,106.30816904492,103.265299946428,100.747434186983,100.686968642216,107.460687153861,105.406383146392,102.91180491248,108.358328220433,96.8442928771577,104.369059053428,106.192743384172,108.546563645478,106.175912405553,102.751859901695,109.903042181911,112.527827788785,103.348829106318,107.167929719274,106.234785384668,111.739039548491,108.114148394017,,104.11826329007152,104.14056660731049
2009:Q3,113.645718591312,104.105556205982,112.832092027179,106.341814712659,103.151440884677,100.644442963512,100.86641910641,108.812603437626,106.062266748949,103.300433053617,108.608984387196,96.3083896720846,105.269385894095,106.433091408452,108.931380425638,104.512329105453,103.883094278661,110.209407124139,113.036886520775,102.40600444681,106.734127727193,105.677423409622,113.166145863596,106.017393883824,,103.87999619672182,103.91484199856619
2009:Q4,113.879483963253,103.817537192988,113.312439321308,106.52950866725,102.457813070775,102.492261818276,100.604450685695,109.509582672354,106.376206628682,104.077488016203,107.496392627603,95.8787535668675,106.149303998959,107.296942569524,109.335535213877,106.402162966197,104.184255638235,111.19738235982,113.578741849245,102.120490594206,106.635560221018,105.444070842473,114.41030541387,104.977825511656,,103.95299068706473,103.99378815163321
2010:Q1,114.547281376738,103.026311971438,115.49703310398,106.353142317294,103.134046955672,103.685132648806,100.114627123571,110.707440482038,106.428703204067,103.126284227777,108.561026357258,95.0551707268498,106.737370217608,108.369963317597,110.36460750883,105.76047142324,103.444448757053,111.877231684256,114.235372755812,102.570880027786,107.037345427557,105.101132731137,115.416312740509,108.704008526236,,104.30329973404942,104.34787452552091
2010:Q2,115.161427800952,102.614919243297,113.917242749858,106.12557283734,104.030256240203,104.771089777723,99.5574730895551,110.152881518418,106.67045234474,102.985186887715,107.916132984491,94.5916484471601,106.986731524546,108.989376330781,110.368899153003,103.986193737738,105.874723332402,113.078393820499,115.131127465393,103.71344634612,107.811393489893,104.401845425931,115.645127505588,106.251453207482,,104.79390407273975,104.83614643059812
2010:Q3,116.783445225901,102.879452404153,114.905473801839,106.970103624316,104.809355667034,105.173415503071,98.754279581715,110.807525515878,107.157657316145,102.446454640943,106.898427160118,94.4545815304592,107.294312330271,109.428829472948,110.357524793255,105.385112665799,106.115221754015,113.315257932294,116.858332587851,104.295550264249,108.712253889284,104.518693882752,115.313354492225,104.482329348925,,105.22662806242215,105.28176626265012
2010:Q4,118.716040125731,102.745704759904,116.014374735541,106.858496579375,105.462708068092,105.689708227954,98.131668425281,111.245460481783,107.290062945812,101.798390596358,105.484616407049,95.0829856284421,107.230719651124,109.622915382179,108.516541188793,104.704960470307,105.639326654794,112.626008338978,118.07742895331,104.7247254255,109.431058739145,105.827080303857,115.329585287764,103.500105760872,,105.50373738639011,105.56616090984402
2011:Q1,119.91141381392,102.408326585265,115.759900496842,107.112709894954,105.31909886021501,106.112367550976,97.5131018007833,111.630395308215,107.013816856572,100.280131584885,105.215885433628,94.6843830502763,107.381716458364,109.979940624897,107.569236859843,105.875001299381,107.448637161466,113.393125199978,118.964074797479,105.43834988488,110.098715217756,106.508456059251,115.937882512096,105.136639636877,,105.74357555808794,105.82594565468614
2011:Q2,120.239363559634,102.290915770074,115.133605715776,107.704775862272,105.824951915049,106.927719519516,96.9946968778919,111.43559848899,106.955282201909,100.327255855072,103.937368710671,94.2571204814398,108.112929480338,110.093697076709,106.004322832092,106.15381415507,107.387547735408,113.977115341957,120.076155271046,105.297847172167,110.675121026674,106.842803738648,117.821399784495,107.452830304813,,105.80658027100039,105.88889755893914
2011:Q3,121.012264526832,102.240197436847,115.46736760466,108.706913098854,106.617712930844,106.437474504891,96.3345773332141,111.724886720801,106.652284000249,100.307848337942,103.151200745805,93.7559265628515,108.325783214257,110.070168401979,106.131045050258,104.357957874539,108.925216615747,115.434166583983,120.552902106173,105.454675827383,111.150844649024,108.090280618271,120.737405857551,105.538073600772,,105.92151369648744,106.01686004309742
2011:Q4,121.767237474842,102.338080282853,116.768490995626,108.971075527443,106.942255118825,105.822664497325,95.5651950060925,111.886803868113,106.577274305456,100.303939800293,103.045258627705,93.0785641305003,107.996120122117,110.300936129795,105.986890019329,105.021741522405,109.673836983064,116.976030070443,120.909132951668,105.679662078663,111.578447033768,107.910249400106,122.212582048753,105.304085335288,,106.0385158989368,106.14100910779649
2012:Q1,121.304801382929,102.320794016562,117.272985053012,109.937083711577,107.722320020543,106.082704671178,94.4963146577495,111.554122139573,106.952130387811,101.83320103458,101.459498232426,91.1153580335244,108.185029458679,110.483700603541,105.205504367254,106.379559726134,110.61068907686,118.297850177839,122.338063906991,106.532197176152,111.876874581325,108.766049668377,122.10260100702,101.944606989888,,106.49353285326698,106.65843215882639
2012:Q2,121.411801023944,103.191126039961,117.374860921203,110.493113636685,106.989894419725,106.250641150667,93.4402979543384,112.132063648855,107.244929926394,102.438510258296,101.915575894273,89.7134412664602,108.552089937452,111.142539097834,106.72697279593,104.891506287252,111.867839744932,118.134160308198,124.90138817128,107.098140691788,112.163617864036,106.623441234987,122.874548098419,100.219933833922,,106.704615733247,106.86839606223371
2012:Q3,119.934284811251,103.22444879228,118.538169083953,111.196594665374,106.645339164095,105.524862096247,92.4412240987054,112.534769013995,106.828848717884,102.479693814489,101.950216330362,88.2357294365967,109.350207076218,112.192802354111,107.206162335195,104.884528803611,112.071224155129,118.313251787401,126.309990233939,106.719221303524,112.341639700351,104.488270516024,123.503415388248,100.849763272349,,106.5568471289688,106.7224099023448
2012:Q4,120.341250799617,102.464166039481,118.895523646429,111.790493767759,106.407255805336,105.478215498969,91.8689136750841,112.585549343522,104.984038086398,102.660723782929,102.645481396805,87.4416986720817,109.835936082254,112.424305650634,107.146482395497,104.061111856458,112.204135059898,118.539909619342,127.199336457006,107.93622679896,112.418626703269,104.651649529784,124.283239454383,100.827943188058,,106.96503794121921,107.1056415188932
2013:Q1,120.921103129426,103.028099047277,120.455501705429,112.870491887171,106.352138288222,106.510490094189,91.7753406025017,112.97494916994,105.629482954313,102.436894775444,101.126337958337,87.885350569284,110.322168614197,113.822591838554,107.601129037775,103.098801734216,113.658633793368,118.801969282639,127.198748214353,105.05372709606,112.440300169318,104.601755431548,125.607646021483,100.334699631061,,106.02155450612072,106.28732553019562
2013:Q2,121.012045266875,103.223087684099,120.744099979462,113.321231221259,106.906340157906,107.350822896949,92.0908492492007,112.591420959123,105.529765925701,104.307747853308,102.351747529927,87.7692498704709,110.680328764076,115.120286593806,108.717300077768,103.225505082694,114.270411952685,119.676876936186,126.345331961916,104.956608211924,112.302806579532,104.261525015758,126.981343422519,98.2366533196597,,106.25014051713976,106.53493487012882
2013:Q3,121.286988657492,102.970235945352,120.666081523663,113.54928107823,107.117268713553,107.225052447678,92.1579878904671,112.553440983166,105.048954999734,106.054331695197,102.312535697152,88.439058700664,110.660135799063,116.033884466411,108.414680764569,104.026316457622,114.976235937222,119.987154461948,128.01619073385,105.123460063219,112.059600178207,104.083809603273,127.662432775271,100.20116619672,,106.52492154479255,106.8068712333217
2013:Q4,122.076258726632,102.356995512557,121.621790413849,113.688497215343,106.589349675829,108.217675924962,92.385732031076,111.883204415005,104.98897531372,105.954039408178,102.606932325644,88.4222348105475,110.440584994859,116.549172945512,110.076424715977,105.427594700835,115.534883118838,120.502191194443,128.595309034049,105.436336693786,111.769911018518,105.738390510939,128.711987556667,101.420875914348,,106.6989594140949,106.97853142651627
2014:Q1,122.575918722564,103.128169558303,121.179687039026,114.302108895124,107.253573003629,109.039984316698,92.648871600157,111.587823329287,102.904835498506,105.926857879164,102.721882726723,88.4097192754274,110.43500908414,116.341957130535,112.244547809911,105.618092754604,115.977371878072,121.328021132519,128.867060734305,106.506325226535,111.628225163282,105.991881687549,130.291568907083,100.373122461497,,107.09157829732256,107.39378270282481
2014:Q2,123.255034436372,102.737321913252,121.03099176059,114.233587000864,107.929763259143,109.014008803257,93.0978829533866,112.622134288675,103.331172252425,106.456802635097,102.751194117007,88.2701146095876,109.889564792571,117.526495542303,112.631266619131,105.659152380922,116.753451410284,121.384381707851,129.373340984178,107.666607836498,111.655485534021,105.951404508799,131.530194070539,100.348579604203,,107.6837293247781,107.99347221429854
2014:Q3,123.664328087725,102.935935651897,122.438085354386,114.596749997879,108.607319609985,108.039561324467,93.7468305595223,113.501603686852,104.023105462917,106.800454415871,103.622321184391,88.7663124358917,110.191766559006,119.063713291243,112.911496529319,105.631723229618,117.484307358621,121.607912583628,130.195882440666,108.700902568324,111.851107295121,106.390418910776,132.504021437787,101.597307112124,,108.4510465151066,108.76098013895876
2014:Q4,123.957946072466,103.532292320307,122.416763138346,114.486110646086,108.933862578886,109.460009105921,94.6026838144517,114.026151775774,103.932530803211,108.017358970366,104.294559555544,88.8374940252612,110.758116305946,120.393464325718,113.204043671338,106.921313892913,117.994575550888,121.475209728781,131.054553524893,109.783401272895,112.181257674853,107.543253174031,133.760918272937,102.692605781691,,109.2114622141309,109.51411837082857
2015:Q1,123.776322094727,104.029398091433,125.006671703578,114.454354676247,109.284935841217,112.1867154812,95.3390183255048,114.169626139532,104.351047463437,110.558664160794,105.037638300185,89.1215126478188,111.594029989154,123.428093072965,108.762169902622,107.833342948894,118.220237254504,122.097388246018,130.944839760965,110.583104688351,112.586269741296,109.727907009579,134.632307267585,102.974133422415,,110.13248857210465,110.44434036503365
2015:Q2,124.028707068509,103.589428698684,125.442820113483,114.593678848477,109.879580459229,112.25777218979,96.0785380240622,114.847362612438,103.999529005586,111.91990751779,105.622155430339,89.4749254653202,112.244901716589,124.334715493674,108.675459238376,108.128288486456,119.48093808443,122.400975057848,132.669872518707,111.185638216797,112.612873805864,108.961041187179,135.126566507724,103.853769067344,,110.70157516529541,111.01039646986162
2015:Q3,123.832014235461,103.393560235064,125.527596426606,115.031792420907,110.516182987751,110.47039512951,96.8162126382659,115.469658178845,104.610093702829,113.066334574475,106.31943217713,89.9873432222167,112.927836410888,125.091051387571,106.862450536518,108.660451732812,119.49837830403,122.526666875043,133.437499793188,111.668582419439,112.627247255593,110.111609177492,135.720305498063,105.602326343744,,111.24039997531096,111.53956865414577
2015:Q4,123.133935737756,103.541506857953,125.34470684956,114.831601741072,110.475063006871,111.036260895922,97.6438382402375,115.745551049061,105.115974458741,111.658741817125,107.474496646679,90.6797856674801,113.640686916443,126.110948539413,108.052996230242,108.566365763704,118.921062160779,123.502578631993,133.899618893264,111.837053894923,112.353153840479,112.232604793285,136.719101495659,105.683635744617,,111.43350836960362,111.73059883653359
2016:Q1,123.26231629585,104.70773612389,121.874651255379,115.648350913301,110.270929027424,114.481167402679,98.4349235781396,117.221918992274,105.97480334673,111.619503685124,107.250284955819,91.2363361645721,114.503642688235,125.458287916351,107.336953316584,109.264591870386,119.082158448245,124.696870942041,136.537158979953,112.080637304373,112.048651169822,113.553730076892,138.704842431796,108.602046431842,,111.69081842747778,111.97769564482374
2016:Q2,123.513795918692,104.767109966967,123.93863919894,115.553774498858,111.039944150281,114.989610691145,99.2221393805772,116.957356701783,105.805706316756,112.194798564607,109.490028514587,91.2403655710804,115.115176610335,125.580394134803,106.570019773434,109.971008145335,119.003603259139,125.169240254206,136.082529102311,111.897959499702,111.88798276151999,112.817822454918,140.640061794076,108.873161202335,,111.9171127129558,112.20897911761175
2016:Q3,123.506969289285,106.125828901206,124.995099658726,115.798880607438,111.07049465898,114.795427424784,99.4357189987263,116.739657569538,106.746091567823,112.50785023108,110.612749244714,91.5224773903312,115.583864463072,125.951278209499,107.721175640953,110.907207630754,119.032849805627,126.872953328619,136.199839455959,112.081035174023,111.944740375567,113.58511910078,141.70738707209,111.329400504669,,112.26118953910843,112.54466513649729
2016:Q4,123.348872109127,105.72512547036,125.926820580575,115.792389062299,111.319980434369,116.22646005278,99.5410021010516,117.634341709736,106.697632150683,112.033755080783,112.394374228801,91.5118247827688,115.995278564184,126.456786585111,109.142998484696,111.684824309169,119.5513304597,127.887998797775,134.938030229802,112.554275262569,112.181647824884,113.900789052018,142.601699284938,111.177360783677,,112.57630294925308,112.86185589060968
2017:Q1,123.392337828116,106.651664808426,126.240133629103,115.303112215834,112.315380308724,117.768327910375,99.7016257210059,118.860263094002,107.228607627602,111.486434116194,113.046965549436,91.8067733330633,116.403971500489,126.8838496888,107.766780536252,110.469538045913,120.127726439029,128.658310487071,133.905153415923,113.717254108122,112.511438582862,113.149431098778,142.573295536367,111.705520981733,,113.22255953105338,113.51258314461572
2017:Q2,123.141382606229,107.130190716284,128.086742757831,115.258853188846,112.276507639802,118.009986245306,100.162987034122,119.275633255404,107.923288542142,113.247463648372,113.085169298126,92.1246107694074,116.701667648718,127.484667868976,109.601847855371,110.699676199326,120.281835364553,129.521744242922,138.455004967144,114.34630284218,112.90399181636,113.682735011721,142.526581067123,113.992233895731,,113.85119820279309,114.12955904665901
2017:Q3,123.225886022711,107.662368475776,130.176719836978,115.388923277834,112.647614868335,117.626215430165,100.643281990476,119.395527839542,108.523284026545,114.027779827441,115.220244441645,93.0123601160946,117.270399301166,128.00145542148,110.773233290327,111.281595029284,121.130800123955,130.614426454212,138.677793773666,114.856077914225,113.193826695079,114.744763871753,142.349208758526,115.601444622081,,114.44728647160096,114.71726781078428
2017:Q4,123.759286377355,107.925598776151,130.42518389809,115.406146448375,113.749698366867,117.971130542785,101.106081584716,119.555524997729,108.964792003281,114.486246548346,116.157966495489,93.2240070527097,117.725421550422,129.177720671505,110.854012290973,112.449537166698,121.570608517252,131.390530728845,138.393250507605,115.66858101202,113.312329406116,115.942083910534,142.721826633819,117.866530791866,,115.11059432279755,115.38126587945095
2018:Q1,123.67286570914,107.802965416923,130.331724773032,116.284679434424,114.96635763335,120.141855847567,101.33850863354,120.948657249566,108.553340054919,114.823149794342,116.871435406045,93.1995444818486,118.40049689998,130.903337513702,110.9961518156,111.829078030943,122.197355418286,132.748271510379,138.334121224989,116.903658518621,113.242635557702,114.707114253424,144.169713791601,118.134679654805,,115.87706475359984,116.17511440479795
2018:Q2,123.521194146294,107.808991438115,129.952976423861,116.147406290612,115.072594931067,120.640831703745,101.586030613883,121.392547326941,109.319481175641,115.426576601001,117.028171350567,93.6311705774825,119.399013950771,131.654159200903,111.438388739887,113.020939602316,122.573259022927,133.195147382188,136.722872059423,117.583718443143,113.17733756117,114.057929864867,145.635427879013,119.382699431505,,116.42993286886724,116.71053237362517
2018:Q3,123.283755052401,108.095582952672,129.535763866332,116.658120775763,115.210577655936,119.638545735283,101.577113449014,121.667557129588,109.736436432583,115.666906033539,118.097452164364,93.751245953478,119.809419297366,132.245087553558,112.063024811598,114.196296940526,122.487357757177,133.373435357087,138.924523257441,118.254105300236,112.940418475569,115.490035478535,147.419906373418,120.518884111573,,116.87234007033466,117.15215713425367
2018:Q4,123.437417486824,109.050937439384,130.74693392644,116.70625624527,116.455227607013,119.882938248456,101.725253626472,123.410458906615,110.858683692954,116.314488805836,119.538864157434,93.9915568124932,120.251810218567,132.814094505712,111.784937924703,114.997617813653,123.353065334192,134.202914688678,141.253058082385,118.91384265491,112.727884328593,115.797605441602,149.686627698668,124.495618315953,,117.5800167066136,117.8563898171681
2019:Q1,123.666259213618,110.093329951679,131.465613523301,117.491500144146,116.811320104126,120.952577701141,101.785677741324,124.040920650914,111.661595807776,115.916488916812,119.095369965236,94.1391270272683,120.498627109804,133.357309691994,111.118487344997,114.143916615408,124.10610001457,135.389082133291,142.141323539774,120.061606249225,112.552775334032,116.643236165968,151.710000433848,124.532834060896,,118.22109792666983,118.52333845972791
2019:Q2,123.579747821324,110.677063769497,132.374258973335,117.619950637182,117.334416811884,122.042016663581,101.78725939137,125.533961376558,111.565223374144,116.610293016862,119.40809567076,94.5967100038336,120.58970376305,132.882228600781,112.085099494697,114.686682258866,124.972442988039,135.774681241347,141.748788991579,120.472810258404,112.507557653584,116.672014444278,153.309627834934,127.318658149628,,118.57283568550629,118.85996153484963
2019:Q3,124.71849188741,111.221017388088,132.499524557202,118.658014484652,117.559103929352,121.366347903706,101.501188499627,126.280692557801,112.180253308428,116.330742861489,120.741649173479,94.9287135116959,120.509981558838,134.170211915579,111.643841866916,114.823219203145,125.567207806408,136.589376461581,142.320123647991,120.844353608281,112.394989843755,116.21513949908,154.410363741249,126.141240935557,,118.86165626680742,119.17716276242183
2019:Q4,124.544860970566,111.243296348297,133.56860596126,119.162563733782,116.848152407662,122.184869868759,100.943308053078,123.903351532273,112.937786434265,117.337183079146,122.107999257861,94.4583318072367,120.233415754057,134.352949047576,111.854703052529,115.273852391605,126.186183274867,137.020523822057,142.749509653215,121.218818877757,112.304802181154,117.612863631743,154.964480858392,125.538821772048,,119.05081145146038,119.37352012025991
2020:Q1,124.978670852662,111.917580538814,133.543229493443,119.724079970698,115.547985351178,122.885329136758,100.079445146626,125.808901369356,112.69786616523,117.048011258642,120.068800487168,93.7568746885194,120.483297685091,135.435623884759,109.629220557795,115.693677013797,127.510351210621,137.607847293439,144.433178910774,121.637964027931,113.0389042832198,118.091857116026,155.197727043155,127.945361701149,,119.16762663699278,119.51394686833866
