column_a,australia,belgium,canada,switzerland,germany,denmark,spain,finland,france,uk,ireland,italy,japan,s_korea,luxembourg,netherlands,norway,new_zealand,sweden,us,s_africa,croatia,column_x,aggregate
1975:Q1,71.18625136266127,67.03803970268157,71.90019020067696,75.37573196112099,65.86165672997755,70.81774455960664,70.36972853871032,54.058723660417996,66.67254053384484,47.12601289760745,53.68025657224729,60.66281872254561,61.68507402681585,26.392119004265485,38.3826381624863,79.4766442977781,48.450018954782514,80.1120942740686,72.64308347911054,56.98063549142989,95.68867480493503,7.567313897027246,,59.93902617064747
1975:Q2,69.85646398201627,67.16467830401255,72.73901503019118,74.28291790735655,66.55769515571569,72.26751545105896,69.972335263944,54.3538087513038,66.73784053004883,45.417729237297415,52.92552044773526,62.53762755643801,62.2658065860045,26.84460712958332,37.95612126117433,81.13433469340492,49.26505595637056,78.50656511203637,73.15282064528738,59.34159067659609,96.07999445357586,7.710427357914684,,61.06859269282655
1975:Q3,69.28449313594027,67.68159592674978,73.51876087266417,73.51153824502495,67.32928008740625,73.41455208960714,69.99451500518515,54.84880163462641,67.04619404032772,45.89653734385884,52.19815008398181,64.0335236942545,62.9295322336806,27.805700960869274,38.45286455522208,81.43701587421364,50.11486945977431,78.13737156297884,73.55292954118853,58.14568828197378,99.36644722957482,7.84640843422586,,60.953982895379234
1975:Q4,67.67134316924917,68.60609376593385,73.66380311776341,73.08569137064916,67.49318581944748,74.37459452830143,70.53720810606904,57.607471591071814,67.43178236571521,44.93756412185089,51.48429354517597,65.39945236160564,63.47331760097119,28.549570572556743,39.62684169098159,82.83246295354873,51.01984789018523,77.26884143761141,73.89084549421511,58.301833551158964,100.59147762896367,7.974836734745709,,61.21751687607767
1976:Q1,67.22260388377944,71.22838215327555,74.10155581723934,73.02101845289127,67.50692919727508,75.18511091680332,70.9776844264755,53.9262667757369,67.673935669866,45.405515770811675,50.79260434155254,65.69882725330511,63.96085672400835,29.24383304592586,41.04289277580931,83.17710239761209,51.92092287393748,75.6525470828695,74.1558707983404,58.710601592880174,98.58947569401218,8.095315511929318,,61.54650798525545
1976:Q2,67.32158653085408,72.08712489541314,75.66275366123494,73.00231208401944,67.65461798998705,75.89642026305293,71.52180239087123,54.28469975360486,68.10064614162347,44.67758009877133,50.43824911281776,65.43050453830278,63.936741299320985,30.024957971261934,42.290441133804855,83.38221419562196,52.68180180678761,74.18232937122833,74.4213195640167,58.753035249276955,96.0466526656835,8.207473742170267,,61.63368694946799
1976:Q3,70.79918800469878,72.4885107258807,73.47845887839063,73.01571353399878,67.83394426601575,76.47872248218513,71.75019060010442,53.79625454569484,68.34780829937584,46.19344240418178,50.39531749046135,65.40288943305417,64.23147867921989,30.36604719778879,43.025638123032664,84.24172830963462,53.30839439003563,73.80151451966708,74.64853255222826,58.90189463529318,95.89257352127392,8.310968055836533,,61.891817491556374
1976:Q4,69.81753778134393,72.45613950306401,75.57182768752244,73.11430113859984,68.49505331227506,76.87305027400198,71.6935703511613,53.6972544387217,68.54319793698578,44.78662667663599,50.555117411795784,65.43335057819397,64.39780443106827,31.52099739159012,43.05999236858639,83.3691502622013,53.77907204633189,73.49899193102968,74.86066986109083,58.990529976462135,96.51680715149872,8.405484502954645,,62.018843113184445
1977:Q1,69.26094077037281,71.13987043155633,74.43263372615252,73.33153778988572,68.98778331043518,76.88856937108528,71.9955389258405,53.096412200578634,69.06935049774316,43.44353668393916,51.2205496911417,66.0469947645717,64.17382489306955,30.631442553250775,42.80754158682994,84.65962323104115,54.165935121607134,71.96898447419206,74.84707736102112,58.72498072984884,99.27720647630753,8.43473498067673,,61.87147307437226
1977:Q2,68.7870751001722,70.97381791922061,75.38464281044944,73.65055817670321,69.63057004869442,77.15592535699018,71.28573374879569,52.82332614293499,69.25200072956852,43.11935166964829,51.80935316428546,66.78972713052599,64.32708367900287,31.53571060440522,42.73955511015553,83.60047366335282,54.538335991502215,70.28991363813397,74.82104894304585,59.176463486469444,97.68654580925283,8.532556436916224,,62.14565727666287
1977:Q3,67.3651658378024,71.03139821969464,74.37972511215612,74.09204380109387,70.18887082967096,77.50426495887997,70.49327341736644,52.64142366178387,69.94378460147486,43.9465617480442,52.630246931740686,67.24348490189624,64.71166672200339,32.45503829661484,42.98182221884549,84.91148790335211,55.216550768086535,69.79259885012506,74.74434019263539,59.79001601357743,95.81781574979284,8.643945358528796,,62.54974634936924
1977:Q4,68.12640680846792,71.32275032424747,75.31472358252056,74.72403174420656,70.82308113884409,77.95405337302671,70.52130902445074,53.15964450688977,71.08732383459258,45.839295262730936,53.78532820024649,67.87659034769517,65.70868871546583,33.77403921310505,43.44889329263414,85.02586884032496,55.29096968753924,69.38660063998215,74.47581695060221,60.67181082424757,95.73408983381236,8.769405684735338,,63.4137511784545
1978:Q1,70.09152595231045,71.91100886483196,77.05115087205684,75.58299457599426,71.80753697393533,78.55079884088502,71.92320014260545,53.83158980190703,73.08643054094416,45.65960853666958,55.20374379766296,67.7752982172938,66.36926924139365,33.58246850055175,44.24222677172818,86.20885504116347,55.452366015690146,69.83741860063981,74.38406413957252,60.83865626461661,95.6782243544673,9.060085830086349,,63.94252592265056
1978:Q2,68.96915285710386,72.36687190714945,76.43529648099889,76.13355582999729,72.22708980613653,78.84867400076104,72.27438370362201,54.50745037114832,73.60269306613188,46.85254624546825,56.184988500023046,68.70690366607315,66.49107048489662,34.36018202574861,44.975160608144726,86.3329308180425,54.40449592959242,70.09626395802773,74.1719915268933,61.176521068466386,93.78554736711916,9.156818502853545,,64.26380597862943
1978:Q3,70.66048536364174,72.80004292012185,76.10108192158799,76.40349427931726,72.91870820079882,78.90459548020311,72.20441506793092,55.671035588532646,73.70840608392484,48.076980058946,56.684263172713315,69.63861487530664,66.69855838503923,34.726532654686984,45.27442127765374,86.94348880789951,53.408815194609275,71.35443619956826,74.18180254556718,61.33338577834731,93.4260424720653,9.20650102044129,,64.59123666837303
1978:Q4,69.43337016512464,73.30675665455642,76.50794982298956,76.40767101599128,73.76800176028229,78.76351795210958,72.10713470412995,56.59681548599998,74.01394850283468,47.96465780464591,56.816923126698065,70.55520494819758,67.39032705337111,36.47672066897847,45.57941870782072,87.08344024782147,54.05084968592855,72.12048089010294,74.44071701329138,61.531392377689855,94.03981498576906,9.208552464575902,,64.95605103038132
1979:Q1,70.63191867727723,73.29423490253758,76.5823002514507,76.09395208512589,74.1938309946248,78.3605331402418,71.71315414083155,57.30437918336663,73.67081640018291,48.70824420865455,56.57135357828659,71.41476923940654,68.02830438012428,36.245004165430224,45.932332792709026,88.65342482434127,54.93859607372962,73.80300148937393,74.12835823702468,61.909316933028805,95.7607018691035,9.1453368564927,,65.35453212606281
1979:Q2,70.05317867769737,73.86820974556106,78.29294156629958,75.98740941029897,74.01703567235388,78.06577230624569,71.3593603372998,58.41362073881283,73.75809556835598,49.242807945036546,56.31513914291721,72.17279508541151,67.81392138757141,35.712208590018065,46.522801703562386,87.8364544150081,55.07248531212669,73.56822254673318,74.50898183838648,61.120866623527846,95.41370334699774,9.060537814996115,,65.07923286865228
1979:Q3,69.09046081152964,74.43979148037953,77.47246910974627,76.02111013776435,73.88837447863598,77.76818344102409,70.71740955376617,59.28914327126466,73.34252723993235,49.34429889152464,56.00250796118654,72.80554693414187,67.94776968397072,36.265453975612274,47.20088165203188,86.43385805367073,56.01504438138465,72.72726906970489,74.6451266023348,61.13009019737283,97.41108895802171,8.937546519657683,,65.06156857475949
1979:Q4,69.05602752812085,75.00015923250662,78.59611302578243,76.16350996998403,74.11093391958204,77.440296552241,70.04405211996905,60.22507244823968,73.66347956434508,51.834856521501905,55.59879139386229,73.21685498874591,68.09505810594835,35.71809828711135,47.94950931470496,84.46509523819498,57.09292951077737,72.54886129310088,74.58904205708137,61.0846960725844,101.76708095446028,8.778105530299058,,65.30310266891699
1980:Q1,69.19370556263704,76.42695259818905,78.73397647662887,76.02656552058772,74.49760219666678,76.83504814891491,69.59177648409704,60.787649276952884,72.92127159547063,50.04438160317141,54.23862626308889,72.62749686747698,67.09184897740201,32.854579675370054,48.92956263872877,79.72139538795302,57.75996641171941,71.04021768255481,75.2312009076973,61.034836986196176,104.57848607373354,8.44446298091145,,64.86248755092124
1980:Q2,70.46447870686174,76.81201414383206,78.89618882389755,76.69524879062128,73.44073216301311,76.38204997913353,68.53239146592759,61.394950518946025,73.03867455814948,50.123112840895025,53.95761304003878,74.51021127414175,68.46721745714038,32.48677508997908,49.97022179555074,77.14016941981183,57.843596423409615,70.15715289860718,74.9431158952385,59.91445747379623,101.60952125458418,8.276997446038859,,64.49830139418675
1980:Q3,70.13015922551568,77.01119347034182,78.60857763775651,76.43767570455314,73.20894241841926,75.8764985112134,69.10912930748376,61.3339657094637,73.29299120413191,50.86036218027733,53.861020978271334,74.38963854872726,68.3622521463831,31.882187066789104,50.86270399215116,75.85633871143037,58.57280056986339,70.4243165710632,74.96699047283319,60.395575242416356,99.57305593134824,8.131622952153942,,64.65599845796001
1980:Q4,70.86668913896371,77.000705453672,78.5895929571073,77.54775545612675,73.23022239167733,75.31866901351289,68.5921344572349,61.1592675303057,73.54651231520579,50.31765712763162,53.86963853879502,76.10549291632627,68.07123825823712,31.27011835023613,51.40833606573163,75.36698595463452,59.10575494870951,71.25257365000377,74.97541728819529,61.36888620408174,97.32506616205883,8.00750081492624,,65.04121582346826
1981:Q1,70.30571342757112,76.72468259745688,79.96271320581685,77.60065035851143,73.38838580438629,74.0880569973477,69.27641444658998,60.770132815497035,74.13177274397809,50.6257040353925,55.795842975919534,77.59000817573009,68.91946919252624,32.94264423313841,52.275223742818476,75.88672527221709,59.423158371717655,73.35600581812585,75.01912660697482,60.92249183228774,97.14772801054401,7.922264438030465,,65.23952437703942
1981:Q2,71.55671253105122,76.41425466476967,80.12429188332203,77.45689668108892,73.1594359789656,73.87201886103033,68.04134667897506,60.5046010843988,74.22669228014644,49.586611940932926,55.67536789304869,78.20118639878577,70.54521480128312,33.05443061492969,52.99616270271669,75.6347048442664,58.901437917713395,72.91745118779541,74.94189041982256,60.709673435224396,96.9859833838239,7.832524332217044,,65.2768544166791
1981:Q3,71.46976457875161,76.07111998009759,80.24411499423331,76.90022567892576,72.57003179098518,74.0014833488079,68.76937283579724,61.311224757513806,73.75689834561668,49.25066793528339,55.339581651627476,78.51059450165226,70.35729482913716,33.076051333176984,54.09355304545124,75.13776112947926,57.79328636485771,73.26250491259106,74.65424237795547,61.74169448498791,96.79637165944943,7.756695456803636,,65.60465048082972
1981:Q4,72.39734442117613,75.65678515916727,80.76967836566226,77.20568214337824,71.99885827963605,74.39786801670876,67.78726265878208,61.97459998426032,73.79962222243299,49.59387292021395,54.677637193812636,78.4099360957851,71.39706585504733,33.55921704645533,55.69073446672812,74.42933289991201,58.67627695627354,73.90256374397434,74.25085196775444,61.65333731125913,96.84710694400985,7.6946886296112655,,65.6828043112441
1982:Q1,71.87699721940608,74.93015878843256,81.87308576005155,77.48018944449684,71.49153217190774,76.9543012533482,68.46092735868878,62.94183539448077,74.21950625241655,49.283134868680065,52.822908124029254,77.54323551929618,71.31170114464001,34.867791168568026,57.140062843654306,74.96918609055109,58.74202905880609,75.34489326306328,73.27150187481774,61.54890052748261,97.96923330107971,7.783319701914122,,65.67599757069297
1982:Q2,73.2313307289643,74.51891579420312,80.31847320604032,77.47339331246955,70.96468387304405,77.30142188351114,68.30611390636895,63.56092301058099,74.06253842192547,50.01329228631448,51.996492220954515,77.93810716495273,71.6983811216137,35.336378159506644,58.367053338287036,74.90503536779516,57.94189124896744,73.62240174758605,72.83154105909279,61.712918082223226,95.95339170835173,7.694612966112273,,65.74408028787992
1982:Q3,71.3604040558926,74.12276518952376,79.30302182588566,77.09933412503727,70.23183391622815,77.41139965166812,68.28247700114349,64.20097620167562,74.69573161404026,49.413524325312906,51.38164511468843,77.15410707720758,72.2822211753686,35.82079905079903,59.54912226452065,74.75829053891334,57.23096905992637,72.78487811768947,72.4349599105462,61.86177272870842,95.76305727264013,7.567787090787983,,65.69488384353392
1982:Q4,71.526493185515,73.69574185326317,77.27430361583374,77.28670071095907,69.65480915335442,77.33094816515198,67.76659389461608,65.14480311188967,74.8395815489498,49.43689600082592,51.01494636614896,76.8418053305909,72.7525683769539,36.27087057166406,60.12049112101224,74.15780329005003,57.640280919842624,71.28147645094255,71.96206174614554,61.950070597247716,94.6452542081593,7.404915128448134,,65.63146106598595
1983:Q1,71.46227141413138,73.3258265467009,76.42189324705532,76.99396536413316,69.60271286357134,75.41271384480444,68.36425621804005,65.90211792693992,74.04970567796039,49.753736178152366,50.71870033114385,77.62100123113129,72.31014688761661,36.470137878441214,60.760477534658875,72.86187290758822,58.032153590867665,69.77400165312777,71.69446496577416,62.31431643079328,96.17566874630339,7.092569151268179,,65.70959679223883
1983:Q2,68.66072612816286,72.94878036303803,75.51192770436647,76.81887126008401,69.62206456388627,75.23906794973765,67.28519421184633,66.60082230942957,73.49850549711314,50.544463143910775,50.66161923431433,78.08588596460497,73.51373947574922,37.45872069036035,60.94405744343323,72.76732371089847,58.34406307496375,69.53942240864922,71.40447042957545,62.59411616021511,96.30802121131686,6.914216407783293,,65.90857042514168
1983:Q3,73.21802093627122,72.64849153148778,79.6988263639576,77.02934690835951,69.24942724995074,75.1426449049619,67.21722127391413,66.95925616061797,73.06044855370023,50.32930007982254,50.63671982529445,78.43418975911854,73.92579569688138,38.71115481451753,61.079452148915635,72.37075626344325,58.47059517639168,69.95987520295785,71.38369317950787,63.359653991720975,96.1112232104692,6.750073724664113,,66.5068059221205
1983:Q4,71.4279521760041,72.44236948916495,77.90348944922667,77.02348467493985,69.62270648529781,75.13093698227674,67.0106695989763,67.06443084433438,72.65255177503438,50.621134332668774,50.66958585253689,77.85631872620806,73.61230612920086,39.3661339017115,60.73777999529847,72.19848618871852,59.2557765940504,70.8874005427917,71.62689539742667,64.54023688120813,96.52872937333194,6.5995763241496475,,66.86821411021344
1984:Q1,71.97480697530474,72.26547313636804,77.26345648273292,76.94590074149636,70.09061903003528,76.4597571724882,65.9889736955906,66.63643000057559,71.92180407989188,51.405041860534894,51.040511487179046,77.65815627966461,74.72002714000458,40.01847745245421,60.55333812251059,72.69756815396397,59.143290816913265,72.57852898481772,71.8899815522414,65.59176704060886,97.64769347207296,6.379804693040497,,67.47443845796018
1984:Q2,72.66449543479726,72.09179077466646,79.8559510657552,77.14578105280022,70.43057485048648,76.44931701386521,65.28654768975521,67.44981077100337,71.81023056920402,51.343017033426875,51.15407007322234,78.16136407168437,74.77838046507924,40.8484734088134,60.343676692097524,73.22801758734731,59.82453870683706,73.05924770337433,72.32998387236337,66.51491886618557,101.11030404874258,6.288931288907107,,68.08254793519062
1984:Q3,71.63698072843322,71.86652154433611,80.41642575919343,77.62689132772448,71.08898159532691,76.36697754746149,65.2422490466772,67.68666929054423,71.60973138733404,51.78406903660705,51.31049267854316,78.74253013363116,74.35229988404318,41.65687726013129,59.960707577231474,73.80249982589679,59.514929815075334,73.19516978754145,72.71607283670276,67.24885416717193,100.21108200271966,6.241204739333353,,68.45662006533183
1984:Q4,72.27230768157293,71.5425329541843,81.13991754601805,77.77455595541744,71.33890349499434,76.14565071978014,65.77778112055272,67.75815449593885,71.63059534321864,53.38967984901588,51.51979326181882,79.38478059592333,77.04738361055419,42.04862220405785,59.89677322646016,74.33439526344064,60.30206692110547,73.20048773062986,73.1750113328062,67.5972842714199,99.60703945555727,6.235910059788746,,69.16411705300644
1985:Q1,73.31016177159196,71.11797998268192,80.88700931023692,77.83953060859591,71.15327956649405,74.51878738496015,66.09154071136784,68.60666295841636,71.93740674412867,53.10403782148326,51.84575523949865,79.9892902867386,75.92440734341524,42.32045108896473,59.65122654482171,72.96683763741028,61.08766574455883,71.79649412814966,73.81376103589267,67.2874509962939,98.93239052153791,6.277535534072398,,68.91746813427702
1985:Q2,71.84265964369598,71.11980173788072,82.84615989685126,78.05517754602319,71.56558721103575,74.60299117330017,65.11157754451033,68.73468893790239,71.86779388434282,54.14283872601749,52.007135486172686,80.00577122243527,76.1978295499477,43.25036604509585,59.95693850066569,74.68013706680433,60.91328593096797,71.02812584882156,74.31539063947045,68.4188243986966,96.5978110038786,6.356672169825403,,69.54985556588689
1985:Q3,71.73137855878628,71.51040382037681,81.78691090937616,78.78348087436858,72.4614214033366,75.11345300488506,65.81913953503704,69.30045840321581,72.03552911363572,53.68185553888397,52.06204091100822,80.36945817681529,77.54856696109566,43.77720430124331,60.72398815150686,74.84751890461217,61.188908545175266,70.92536552238006,74.88923995996244,68.01161781353649,95.08086428671405,6.479356770964234,,69.62897636399323
1985:Q4,73.1193799093439,72.30451198264785,82.34834878897136,78.9030641397859,72.95035450776778,76.13191829066606,66.05137291077469,69.98546931055485,72.39187717769694,54.708854664886,52.0049618701739,80.43022900575279,78.37690016015607,44.732355438662694,61.71026806346779,75.95520046449684,61.5129867552093,72.52001511567913,75.55472916895059,68.59273935716756,94.31712762569408,6.648211444640071,,70.22957774862013
1986:Q1,72.72090403597159,73.98958975980051,81.71827485893903,79.50788300938147,73.8483910219685,78.82038360485899,67.24919038345256,69.83529229716427,73.01679977899377,54.99526890989465,51.48970199598163,80.32089186595086,78.00264481732604,46.74874797198661,63.15657786623503,75.29523802425379,63.14513483622694,73.68388145667613,76.53634600989139,69.10663123647825,90.86491238113884,7.136357103368902,,70.60196596709824
1986:Q2,72.26603155395458,74.7665003716435,82.34610577381855,80.06364441378999,75.33999388800733,79.76341192791814,67.66255127542374,70.07845241024461,73.3980073612973,56.8721280795884,51.52433920690278,80.92612121949179,78.33917054868232,48.65412469786764,64.4048786791887,76.27834547215406,62.227570171835644,74.49006948539513,77.10278030718615,69.83306483648927,91.19527582082496,7.307104940985052,,71.36564671492678
1986:Q3,70.94378523762735,75.15448646728835,81.7046316355029,80.86503659438529,75.91712043941897,80.13670403849744,68.26797608707781,70.95486079711613,73.75779271519153,56.57378027947112,51.75536327818851,81.58161618696433,78.08275194226371,49.85423895122179,64.85402127139986,77.2174679224432,61.22833822656104,74.40877761127254,77.49070920539802,70.12915928303504,91.73047524534984,7.417464270654609,,71.58858067375317
1986:Q4,70.97678644097897,75.17139108927874,81.71851782769618,81.68963197379317,76.5892050579122,79.96579056505506,67.65468924606336,72.05189128114097,73.70372150836005,56.970439789232245,52.191538216390256,82.20000464205323,78.05268799076963,51.878337213057755,65.10026607028388,76.67756876307995,61.039794408744484,74.01931097187004,77.71333890354806,70.04988492319772,94.12111350210506,7.46504128080667,,71.74066252901959
1987:Q1,69.50899597537386,74.11205973329778,82.69324676609732,82.44715321074652,77.45841153043422,78.20025674603893,68.80701527564976,73.44198076182323,73.33320073175682,55.1976771187833,53.07857641910466,82.67046135918062,78.29790033402283,52.416473470381966,64.9792842780098,76.23569457370193,61.14415953165193,76.6453842948986,77.45157580315566,70.47316233610911,94.95111357032098,7.25627745883379,,71.9760409100598
1987:Q2,70.2532243352898,74.06941401311931,82.4428001099656,83.34713285730193,77.92229079430933,77.80557096753408,69.37576773136325,74.49163690132987,73.43435248433286,56.51911209197294,53.56656265849666,83.2401193080484,78.9536240995493,54.1278036151415,65.07188347865123,76.52668663035304,61.3762886443788,78.08111960853246,77.54576070335403,69.590376429501,94.98841760180596,7.256652884002566,,71.95922760577943
1987:Q3,70.77257904962558,74.3058099475401,83.44146354357738,84.20883119774484,78.29976697315507,77.72042703315984,70.2137546325062,75.4159833566064,73.81563855225602,56.95815162014948,53.90807765661975,83.59434101518774,79.38551770179464,55.12469286669736,65.08102723591925,77.04147078604878,61.058488208470216,79.18891698469719,77.61035870330521,70.66463780285378,92.47057335213452,7.274801042272432,,72.6580225660084
1987:Q4,69.16740492079208,74.8301221657904,83.78105444214961,84.98570692385795,78.93245034569104,77.90285850198944,71.1890422436364,75.75832371366221,74.37887100481831,57.31071099721584,54.14173896422575,84.06172310503614,79.8757116730818,56.57181881899337,65.59100354432087,77.17480096190698,60.78805314644239,80.31071640182866,77.63341780292431,71.43376294515743,92.98748404842617,7.312622209972089,,73.25297035690167
1988:Q1,70.45137181866819,75.5296112296494,83.43852946979725,85.86789010687518,79.98016378330188,78.82136024846602,71.76972814768679,74.55509504367453,75.02656852737513,58.44390729785606,53.88163790988389,84.77704867023076,81.7865152191001,57.83742217060943,66.00290502478813,77.01809706955248,60.67027686402153,79.17525714079123,77.53081767486171,72.27617483065697,93.4812539343926,6.827330868518609,,74.14882250270163
1988:Q2,70.96735217638425,76.23883096911284,85.43993988129036,86.39978040487522,80.33616909718724,79.12269133461633,72.58387017964492,75.66642402776908,75.56270208690762,59.619751554483,54.127185161627125,85.48320551601046,82.91825039329136,59.43426519953946,66.8726766253387,77.43844930433355,60.68089218189544,80.10737616804454,77.64359662395533,72.85231696674482,95.07929206357026,7.168613861541556,,74.91482009666723
1988:Q3,70.46933077821595,76.83484054208283,87.21015505869501,87.32898858949046,80.2380614764295,79.2890696668463,72.97051265596895,76.4130643069925,76.06247490139934,60.00637259426224,54.48534673196108,86.02695632324192,84.03409876087953,60.72052673346282,67.78346980109332,77.79683406312084,61.21523459590815,80.70115328165433,77.81163683372465,73.37409229335667,97.55733808536768,7.87480248767767,,75.51913544974484
1988:Q4,72.38536972208392,77.33324245315967,88.35177017008591,87.94316252334589,81.11811462135002,79.28864205464652,73.88474321700767,77.74940604330665,76.58747420725024,60.59070545408116,54.91809664882917,86.69691657021708,83.3177495488202,61.397899731458715,69.2253573125314,79.01950703755514,62.12402687245427,81.4302287191918,78.08007898137491,73.91887389552132,95.95082195604223,9.086209120868528,,76.0018638172187
1989:Q1,74.26045526843424,77.94767663596433,89.11119226691191,89.02255749089504,80.51721307361488,79.53510977836171,73.83929125386337,79.89386106727969,77.54358954444056,61.1122370147349,56.04386105854785,87.29916159557663,85.84387720166902,61.98958748078914,70.7795765615989,80.22998914932289,62.140200443741165,82.09357868929074,77.853509341504,74.62209417518551,96.34436255877424,14.233123202225483,,76.83051650893248
1989:Q2,74.91404466789156,78.56834310414105,89.38066600731591,89.05104327782985,80.84796023239281,79.489667775631,74.73134271378645,81.04768137265188,78.00617002635597,62.00070935512966,56.56382583350706,87.87185576879418,85.6192838524532,63.00748207580907,72.1626355251391,81.23118542271051,61.3390354640304,81.66168045519339,78.24575255813664,74.2431920250096,95.2141304673958,16.63440015375327,,76.89858197115989
1989:Q3,73.13008769421539,79.39611733680965,88.12171183442854,89.85088340887344,82.12203851274806,79.55786272678985,76.03315209268611,82.0295559820994,78.57801812186155,64.39468763708011,57.081560796334244,88.66434729408013,86.34214051319745,64.42924356564284,73.729310172394,82.50727920806276,62.34195731211092,81.03414809197982,78.70641519325646,74.58058628124955,95.84733268522204,18.6921860140199,,77.52906373421925
1989:Q4,75.58049961408163,80.38343322343017,88.68096509295982,89.89825736778198,83.1919318896018,79.74639254355024,76.73255331377482,82.67449984469451,79.14997742564915,63.84590167774618,57.58980996110811,89.06269855221076,88.4053041467125,64.94250284793456,74.92091905005401,84.07704142034156,62.77250429148915,80.54946271801677,79.24056817368698,75.01338323127062,94.47781955030338,20.207500450728883,,78.21826632095237
1990:Q1,76.22827743485175,81.90677366504372,90.27318049281665,90.45286191101152,83.60450896356164,80.47645284905087,78.26685838711126,81.27003568120375,79.87760333268504,67.13365272208355,57.81918775342308,89.05802761103469,88.85478159036575,65.6665110170447,76.41913144928193,86.89917543439918,62.603092807124895,80.37454990441071,80.16588423304134,75.04374999365372,92.52366414832576,20.58312854215732,,78.77090141142214
1990:Q2,75.8593120019872,82.91871871006778,87.17934161820182,90.8739928400268,84.64576212735714,78.83124557201708,78.63417294006152,81.99212790602708,80.53925060056916,66.2820946872078,58.23398598008557,92.62413715359247,89.92635099345986,67.00746576070217,77.71642890206421,87.95265035520497,63.05491134683307,79.98772148342361,80.73137330447136,75.33697581904049,92.73922466180561,20.843489887646868,,79.25327373705322
1990:Q3,74.80259228248865,83.77453220245589,88.19856858033629,90.7200206574525,85.73303360000246,79.39248452216891,80.23765174424457,82.64107323038739,80.84750099804785,66.22733494776169,58.565125865995114,92.97290575747729,91.45394884316332,68.38735123232769,79.33051341042385,88.6933146155872,63.13531516756443,79.54030384095043,81.29591957212985,75.19019001717568,93.20892215188759,20.592146913212954,,79.65866046521302
1990:Q4,75.47735411617047,84.50571170652661,88.28420953383265,90.39922114255856,86.24514079708526,79.90774623825716,80.55696743748797,82.79470332913831,81.18762642631629,66.66196498217028,58.83989148225864,93.66179098996358,92.80252413381184,70.02312417306752,81.53379468365368,88.2349033172093,63.95244482033867,78.4666226067327,81.656650405586,74.39210779617798,93.05286592515318,19.905006483305947,,79.70963693646722
1991:Q1,73.2151847568184,85.02346960383882,87.44456196984179,91.21070101638853,86.942378829111,80.26309493494631,82.39453969438524,83.23718546144588,81.49114929938894,66.25319003682849,59.07979527127838,92.08009799704365,93.0059726950825,72.63283914949864,83.38109358970249,85.51685482198387,64.39209524052967,79.28362393700037,83.26157619899753,74.3906100734933,91.35630088515131,19.63689890987234,,79.74754595706135
1991:Q2,73.51487600367741,85.6503630840284,85.47003024480271,91.22398018311759,89.01408353614848,80.42648011010968,81.82913911621901,83.56843614405302,81.82646339275279,66.37217514294912,59.25979094397701,94.5188091695007,93.17290567538642,74.42966772876056,84.90979928221543,85.89684704513549,63.90792168087255,78.94426410685024,83.72313351507921,74.75378453143605,90.12684810803059,18.52474120182963,,80.20706384158895
1991:Q3,73.7674620876823,86.32191434489161,85.74685210334309,91.13492259247296,86.35693799130158,81.37610398695644,82.17338898173756,84.01662383504687,82.04172534137089,68.50862279468816,59.40124314122795,94.413939454649,94.59265282851283,75.3903499123138,85.9544918230988,85.52638141285016,64.72220516213635,77.9769434742211,84.46529328157268,74.84100944486018,88.97058957351719,17.438116310387795,,80.41029928799338
1991:Q4,73.03009355730134,87.02687056767454,86.36144583364013,90.89549385984682,88.08952395847717,81.43835855575192,82.41126970953768,83.05491099945894,82.17030793997199,68.29120639887265,59.490596266543506,95.29565821693066,94.16436237967302,75.91037678172601,85.86381783582333,85.23363053629431,65.90367986927825,77.38313751876127,85.54554947106257,75.27276086993098,89.10793931449489,16.43326373825409,,80.75535179780181
1992:Q1,74.14253465896155,87.91277472911158,86.03819905656546,90.56623668691151,89.98547761419732,82.38483241849592,81.68087348173404,83.06235652614367,82.7548187917793,69.17963689404893,59.128692941363305,93.10284605588106,95.84448329217996,76.01569367988034,85.79926809866782,87.29554373738797,65.37026383224602,75.95127315878162,86.28090487797986,76.71794304678602,88.56716888492275,13.779052417821147,,81.69955380347483
1992:Q2,73.59552241345938,88.46087099909536,86.34427468091718,90.30162864840926,88.60743410562938,82.34271040043096,82.30391993999298,82.81981727423127,82.80150755272922,70.0453099213939,59.3657676889438,94.88796813953564,93.24453862901065,76.70505710179255,85.42353692678424,87.75445752747551,67.50016434460566,75.00639070699116,87.06056944855997,77.34453020239732,87.98078390191282,13.769220854762358,,81.74888611942937
1992:Q3,75.08041895125629,88.79435190878974,87.56529165682319,90.38796679442342,88.7245413402862,82.54519316678983,81.41498729077563,82.44992220937695,83.07023575224089,70.72415085802653,59.79019834764065,94.62097630021475,93.20113425998431,77.16663894834623,85.60320320104266,87.90547817968303,67.03967804072293,74.71609148436094,87.18590644372497,77.47422228438879,86.64602504248855,14.545213982737131,,81.89960591950273
1992:Q4,74.44776304239883,88.92603554437963,85.79865247409292,90.10558054717954,91.37972989438012,81.88350020006584,82.7766690617379,80.56078002242222,83.27366885439788,71.39928318157331,60.401505077480955,94.63727291962107,93.95358263079756,78.23663057424126,86.62129128464746,87.20863014026985,67.69957725783365,74.41066152501384,86.71744241953179,77.50199040718883,86.85367912157616,16.256303842064643,,82.25661241160208
1993:Q1,74.3300818064506,88.51515449573361,86.25574690489069,89.94326365476293,88.15168347234662,81.2356504654651,82.59330797024124,78.65304576464692,83.18562419063052,71.70667908424672,62.049087258469946,90.91167471777291,93.39256326168864,78.22763778374951,87.28380746657457,85.87378670170826,68.95698281881235,74.8812296369082,85.06066039596682,77.74024919937453,85.98461287983656,25.440477378589073,,81.83208581175461
1993:Q2,74.57574711756641,88.53792494912894,89.0733258968314,89.34820450734293,88.83599161349849,81.00565755351273,82.5316750945623,77.64887442201133,83.32525153726806,73.09806356566494,62.56662106451974,90.33298027377609,94.05171676838621,78.95155264825762,88.1873749171798,85.69876240267304,68.3404108302073,75.436143336815,84.12254127122796,77.69751116044881,86.03400325851972,28.948117125064698,,82.12913179160506
1993:Q3,73.62115959771658,88.65351809348569,86.06861912657357,89.12886891895256,89.40980873508339,81.22191793017065,82.13793793097817,77.14363360270731,83.46387136095466,74.07113994474528,62.81807789559191,89.76291728974974,94.09229558211219,80.21969842982861,88.02733718034197,85.34877413677478,66.9017294302881,75.28101313727163,83.25427875421681,77.54077971603296,85.64512454368844,31.896489220608863,,82.02770788105349
1993:Q4,74.44751344975647,88.85866132808243,84.9571997812105,89.7182552175127,89.87178961800159,80.85437207178083,81.86235314618119,75.55748997568321,83.53788687806176,74.48992487157865,62.82604611607828,89.44953602670338,93.23311832940787,81.13049318058704,87.19425189852173,85.25922132426128,67.47584055553145,75.87819545622725,83.5680238696245,77.82867241097627,85.00957023685405,34.320992214461306,,82.09045218410253
1994:Q1,76.03516699291102,88.75589028568737,85.9347719018572,89.95794219479826,90.09911905124474,80.85274062067599,80.21321139673621,73.88318327797163,83.13552286191825,74.09435453501504,61.34760838687567,89.61642347052059,93.01624754050053,82.59473717680949,86.77797828960789,86.2306059316473,69.39879604162577,75.97088651058056,83.52234873404902,78.18801698008025,85.63923139231387,35.91517745027796,,82.2758813187926
1994:Q2,77.36275164530407,89.28259362333547,86.21887198999937,90.69636850275919,88.8023655632405,81.0792779183231,80.19997178012163,73.47602480230476,83.35396119297891,73.68665517822276,61.447891518734224,89.49114743915528,96.26228879122135,83.58872265399766,86.32022798650357,86.66598226449318,69.35412200282212,76.38146425345845,83.28558565303408,78.84053116067832,84.94462986939246,38.40629476923974,,82.90644023718141
1994:Q3,76.86258685603549,90.02566963707977,85.67616366222921,91.31639213077527,89.47226836786376,82.02559126785,80.2421269759732,73.78464069618958,83.63087401609857,75.1093142638527,61.84947738353369,89.46644379068351,94.10225051788905,84.09084103966514,87.01974237113623,87.06466338448561,69.12808106138317,76.956400586269,82.99885491273233,79.09742895879445,84.92029479694293,41.42608972830463,,82.92550499763207
1994:Q4,77.7482360054781,90.95907691401715,86.21619216845127,91.59385476708414,91.31016664920404,82.7194368468977,80.91767698898767,74.07561496064453,84.12227974707243,74.81080946811576,62.53415561149688,90.05855521659376,94.26240025849869,85.90242992307988,89.15350111208801,87.45410500149494,70.04221367177816,77.32616434802486,82.77245685823249,79.97295169173103,84.8383314320456,45.13572487438544,,83.65757032084144
1995:Q1,78.1411971777725,93.41298334976068,86.23895606475124,92.00439487469154,90.67076787272931,85.09084957040606,82.244276465862,77.7552855044924,85.31121662136678,75.4120866124254,64.49615147739958,89.91484929229507,95.09779411563198,86.51501188122239,91.02916163469737,87.94441272278544,70.70011168209132,78.51510614865467,82.68762201896948,80.62234797488527,85.38172300946927,54.23168289347417,,84.27076496057204
1995:Q2,77.54914073994796,94.5031717027367,86.22739241491672,91.98676201612228,91.43491109713285,86.15355729710772,82.94789105806043,79.02127723772823,85.86886600340294,75.81768806008444,65.30787671188473,89.88184260257775,95.72987753422262,86.91558707903722,92.64667444798997,88.61192550536586,71.13817170061346,79.11050959299853,82.78973439310347,80.63758486085224,85.13486103724438,58.61783643523988,,84.54995085633948
1995:Q3,78.68922341716343,94.92084923347686,85.91431337891117,91.94546011854048,91.22702772542696,87.48488377352975,83.63740988330562,80.06721032249825,85.90600291617237,76.2130503424619,65.99547248886864,89.56760998255761,95.3743176120962,87.01865699074074,94.62300641556736,89.26912295108892,70.95168031034711,79.99870225257814,82.63582806426602,81.14831706435197,87.25794638049513,62.127592609549545,,84.821601225063
1995:Q4,79.4625407267748,95.76492307410336,86.27373468078059,91.78891598750376,90.7892067500701,88.15905340808742,83.92002042788548,79.93888406806713,85.95947661475972,77.39006421605406,66.56534092104916,89.97958462775298,94.83603346146293,88.84584248308546,95.10146693928402,89.96715362877322,71.70265146498213,80.34644111882062,82.63679684043723,81.39420400542086,87.07331519027441,64.56814777636232,,85.0586214049063
1996:Q1,80.13813008641736,93.92318887880485,85.6404055785816,90.80278204508969,91.37805007947574,87.75099390244183,84.05287709674964,78.19775074551174,85.55876424699277,78.093103730792,66.34402422126817,91.25752205640926,94.44655006602422,91.47897046800591,94.65866700919682,90.09454964261126,72.80522234209668,81.29910295598131,82.87912158127416,81.99830287362073,88.1800336209014,62.733427754533466,,85.46272714384948
1996:Q2,80.86085050553365,94.25136817823908,84.87757116891494,90.89090634011443,91.13779069603403,87.54129422311654,84.29115904879558,78.31002945055626,85.4842001856865,79.34771140078186,66.97070664902431,91.51173462318465,94.73624807404494,91.66861437158211,95.1684069335199,90.60437371837725,73.5681066576263,81.8339342399991,82.43247883073202,82.57344216240968,88.767702767064,63.89805812725348,,85.8339006992856
1996:Q3,80.94907016118611,94.08014335550112,84.8174041221079,91.52271491207024,91.68461833382847,87.76061197460585,84.62525258613674,78.88043925624034,85.95399740714761,79.51165119293641,67.75038439946306,91.56284292537723,95.34494259770196,91.48781042317202,95.22338059755388,91.63575773658289,73.82032783380416,82.66548711612678,81.2371270185732,82.99706595343204,88.62466826646518,65.05054721384698,,86.19485595298187
1996:Q4,81.83682373106707,94.12895289513123,85.47144122782157,91.67052517878722,91.2461711225264,87.26898481068139,84.65447191046279,79.46941790164834,86.10750200326585,79.54448336570583,68.70547872057746,91.9260185131734,96.07813131040163,92.38747754931995,95.5940390195602,92.21731034364441,74.26964740911343,83.19224753832867,82.52186817717346,83.17724318405207,87.54222315701149,66.18951909336478,,86.4517888677525
1997:Q1,81.99187474595334,94.16876560287866,85.38925135023817,92.18600090199925,90.80385960020233,87.3291258474749,83.98342415228284,81.10315521260418,86.10950516651152,82.5757798216938,70.30476507030062,91.74145235413592,95.84404130134772,92.97829627778565,96.88231839187324,93.58530828548717,75.11239327123181,84.76698438302533,81.89808293093567,83.6235731997317,89.05629668643257,67.39947103025628,,86.81946438987639
1997:Q2,83.13429473250648,94.81523379386483,85.70873241101339,92.5364764494336,91.81880619082983,87.34823602775283,84.15137773864376,82.27048040620649,86.68496298494071,82.20838711400744,71.68920351799105,91.78799698459706,94.59588728316854,92.64804830741575,97.72775979020591,94.37724890122526,75.71989697480053,85.53619501394803,81.67123693184678,84.15657751004564,88.95338029923657,68.47383763299419,,87.05333860745164
1997:Q3,82.87755520881255,94.47652104045135,87.01531645037764,92.77358993130626,91.26358181268208,87.60225516920626,83.99845808272681,82.83783477944203,86.8737540445021,82.65080450595325,72.76343642645952,91.44369755838001,95.48325585880181,91.82694453702777,98.65806110859711,94.93060359496623,78.10898739087547,85.40606989263554,81.66092703651763,84.9365613112132,88.98318363084438,69.49399869871912,,87.50468961718772
1997:Q4,82.61263438615092,95.07983239100143,86.54861045867587,93.29356276410017,92.08022194222522,88.02386994830071,84.45689352667068,82.86957489706374,87.333608601626,82.57026006146576,73.53274083452978,91.26105816412544,95.8225052312285,90.2255461264434,100.24694487692733,95.32346936537947,78.91206868690305,85.4953058492925,82.3275588099439,85.91205070960645,88.10852532353738,70.4570707706472,,87.9910005232917
1998:Q1,81.84554486814051,95.8181193616571,87.13839242992518,93.75141400202585,92.28343828275175,89.59284415970033,85.94077552902665,83.17104255782515,88.07529319675591,84.07481222344586,75.9533428688541,90.37709656970515,96.18772025704561,86.63076256280948,101.14703320593077,96.32893251989432,79.94739669534664,84.44727275836186,82.59670958648383,87.54617054863878,89.37216581744417,72.0310029128284,,88.82820326983334
1998:Q2,82.56972584708852,95.89608911146871,87.25948742749766,94.34141823725456,91.77581733016001,90.08035666527007,85.8231492143179,83.75492565232368,88.73494579017915,83.82247720801803,77.16405251868854,90.26364650489977,95.39144111157059,87.12840080219473,102.51755285007927,97.09844772789134,79.88772935752534,84.41197836418496,83.41012793872936,88.54741437960814,88.75916531365216,72.60807903682954,,89.18582859840413
1998:Q3,83.84356565363333,96.64239274302129,88.10326799852447,95.2203546292446,92.64670170945107,90.10288407388089,86.75652711993824,84.69316321098225,89.51019305449825,85.54246757514024,78.65521140478226,90.37789834405481,95.20462192042864,87.85027319450683,102.48237042465082,97.69076593523057,78.42721560627606,84.19424867096325,83.67450262840397,89.19704815172886,87.45365763177236,72.84252067225509,,89.78668590753965
1998:Q4,82.68405566504401,97.73963806457286,89.0668212307793,95.86847345967526,93.4785385710933,90.82507725640674,87.73707168901393,84.63912878226051,90.47749434899265,84.49556056483996,79.29888214423762,90.55801955495227,95.66964254370545,87.79106446667494,102.16014291145734,98.55481925049958,79.02298015378558,85.54382907261166,84.18752404381489,89.65327566504246,87.35331476570788,72.73115782707463,,90.19244914843131
1999:Q1,83.64472835150093,97.94571611973036,88.86605021657384,96.44021764905918,93.43893867148772,88.07014356841213,89.3116293908392,86.19097655058243,90.52089553210698,83.46755556626721,81.19547048140511,91.29571276259847,95.12048542722512,88.76679862087083,101.7514296710266,98.3963967721065,81.06329079969622,86.83585108981714,84.44028073821488,90.11304906284451,87.47157318005964,70.51509552189879,,90.41665158689347
1999:Q2,85.66813820456875,97.13932438296047,90.03495664785784,96.91207321694479,93.11964273943094,89.12121460308258,90.11090436198124,85.54848940047349,90.74573623911604,87.97988361161427,82.73365287908128,91.42853538799058,95.62273262395993,89.13415082981791,100.74333934090596,98.81092039617162,81.07944110475852,88.65565837353206,85.57142586893741,90.09341489937333,87.84706401322255,70.43348072171632,,90.90550415900326
1999:Q3,86.08135463035703,98.3407839635128,90.20246734334525,97.48105696512319,94.01765691089352,89.11996942500402,90.824951458341,86.86468692670961,90.88081549758168,86.28648484783918,83.21149940501803,92.04971088549453,95.44103693339261,89.0608979799598,100.95348175113392,99.03203494870979,82.09984752396421,90.5620881999879,86.52552752500803,90.4306384686768,87.73128653037774,70.71320149744203,,91.11854257928651
1999:Q4,86.62179392074191,98.39447917906334,90.8537494235292,98.20489545176598,96.06945904509959,89.16512474925408,91.51864305807652,86.51858437989208,91.85804695866806,88.24753701445313,84.3127198136022,92.48351590504726,95.32933746209787,89.24296956453193,100.34229323410864,100.14617037312254,82.11550754019257,91.92561889507384,88.20488963077597,91.4886452350211,88.46374047035299,71.3585458768514,,92.02852149586217
2000:Q1,87.31964756040834,97.99024430028392,91.83250668855663,98.78639610598385,95.94409423596248,89.07107980627325,92.1391607605752,84.0911446122583,92.22348348979678,89.49708368885535,85.81347364863569,93.21864463433083,94.88956057410509,87.8739992504557,98.43378170218114,99.19439250600246,82.16709009547675,91.8766383223898,89.46891978574327,92.00271701508208,88.60732330581138,73.22851944535655,,92.33347887044005
2000:Q2,85.0344131885153,98.66764969583689,92.39510068205973,99.2906316532941,96.26987072811491,89.83866402366249,92.63841866419043,85.67617158409116,92.80871141785305,89.04333732165027,86.56488284618374,93.90728470389654,94.95622009420227,88.80922121526862,97.35875090414385,100.34445813541588,82.74962850308928,91.7003922869933,89.97099847873167,92.67346202680486,88.55695403246295,75.26126645617506,,92.76473578448217
2000:Q3,90.10680615900868,99.7178473899745,93.05193534441672,99.38684741312892,96.10498406811591,89.18836861957345,93.1526924467104,86.26317566101974,92.76253945658684,91.4242065409786,86.83946840399169,94.52149948671524,94.0877965897756,87.9506962335372,96.64032188924494,101.7330610256157,80.88717054776481,90.0373526311039,90.94538884998826,93.46057317099189,88.94420337846365,76.45712437922853,,93.30319374462738
2000:Q4,87.36267051903222,100.31140519390955,94.79717086375032,99.88266836655825,95.54687953742778,89.8849101840157,93.24427118094319,85.21836218986515,95.3329436668446,92.14881447007315,87.37481583447173,95.40962397543022,94.08583453762958,87.58169188512905,94.59869042793798,102.93831767328363,81.3927388037375,88.31370939281264,91.64037451606264,93.49632422198553,89.65416926363103,76.97893386772428,,93.55542134298383
2001:Q1,88.14263188554237,101.52721353771447,95.40550815141641,101.25485717647584,97.81123439638327,91.02052193608476,93.32740177056014,86.35069757941733,94.66749805992144,94.12356793557309,89.33366793184929,96.23568585732717,94.31134570413884,87.49798257834861,93.93510031910859,104.61490951247174,81.71876999981721,88.47622174957492,93.79088481362426,94.05836494375018,89.96553893401777,77.83832011203718,,94.2600655759668
2001:Q2,89.42057982574974,101.55046813386794,92.04550910548318,101.25836735697757,97.81526772353247,91.6021084550612,93.70970793627268,87.41513464863834,94.49189572800728,93.51594854195163,90.13715537431644,96.49452472011825,95.01509219885993,87.94550907363087,93.05506576003064,105.53454932315873,82.16837610553014,88.75596448247234,95.46473677143335,93.70008693182686,89.66470541563537,79.27120060051027,,94.14698899500632
2001:Q3,90.63788140202065,101.50178625256633,93.19016179335848,101.38261805916213,97.52024663528775,90.81423870658024,94.69149772317816,88.45436903452268,96.00334612909894,94.6403660972185,90.24847641279918,96.90100222228217,95.26455866286337,88.24888534531632,93.33170707990487,106.72099213700857,85.45423243319362,89.48075729342807,96.37156250246447,95.60735433415203,90.25035559136332,81.51770342953917,,95.30009809275161
2001:Q4,93.04692760135094,101.63415379325235,94.53745033065456,101.26801394852414,97.11871024446239,91.7381058263198,95.7570028359937,87.1099016134602,96.77836232065374,95.36667379696776,91.21066217080114,97.5596500907619,95.70642696605407,89.2207720540079,94.52905110753031,106.50088543494711,87.86274973257137,89.94282485801392,96.14241504970474,94.12211170543058,91.1405947858113,84.17878328493961,,95.04511877205036
2002:Q1,92.80641758265195,101.49622839541186,95.85408360150606,99.6240405251917,96.88563038789113,92.90406329691646,95.34378951648557,87.46988741370365,96.98682156326329,95.00834055215984,91.03037504757393,97.41735204557875,96.00561458806577,89.76503770691734,96.60319587899787,105.34727571925602,88.52373862358046,90.05797005454049,97.43072890070059,96.16337882255465,91.48102420423902,85.01669081907805,,95.92680877326237
2002:Q2,88.72414503226422,101.71384859733826,94.2746309433787,99.21386650940916,97.1941663905519,93.90797020703606,95.59086710134184,88.13653537838294,97.55058617459618,96.09253911539547,92.25680748436294,97.5384784741127,96.48061299471989,90.22664585228628,96.99026271955007,104.81179109691612,88.8714132015321,89.53796203684699,98.00094988142317,96.40827745759722,91.12926528028447,87.20351428043342,,96.10552272387264
2002:Q3,90.23728306778234,100.56801445385967,94.19120003800873,98.69977693229764,97.97767843038497,93.68566775906005,95.9678481436136,90.1705288889738,97.62010453089093,95.5306684499539,92.97912432589557,97.65185565769882,96.68799851282873,90.88334560109914,96.69511400867525,104.22519938009329,90.41988388491109,89.17970486820408,97.97089826508905,95.98842993976791,91.12603192947635,88.3092267760687,,96.0579778360972
2002:Q4,89.89428603860912,100.81196207797365,94.62664075102093,98.26781515210334,98.53571941617358,94.34404099961742,96.35894039888996,90.3551279629695,99.44404566457735,95.9863068708308,90.42425151740065,97.92427128084807,96.9865436128734,91.5596383387316,95.67245141238668,103.71331352973252,90.80773564279193,88.58614361746827,99.18804682999351,96.15346447695117,90.89493686222404,88.67339329545777,,96.39114995103662
2003:Q1,90.26878149165898,100.36947920082721,95.02513473817515,97.31246667367697,98.74063193137823,94.63896741767714,96.28538305316812,92.30263289423934,97.27989808667975,97.05754558697278,90.70908571769598,97.86191327926196,97.07403873220284,92.64692883562907,93.41059915349794,102.04615841019518,90.27680709006238,88.6747470101174,97.11475568429162,95.74487685137886,91.76790668790117,85.20322143801054,,96.19249055633489
2003:Q2,91.53435511400862,100.91488211528963,96.41464860313884,97.10746920199034,98.51889564904373,95.94939719250507,97.43482264790939,92.61516793124301,97.9085683952498,99.02202018059458,92.81144694365247,98.19695424681235,97.35922399498543,93.91751460543647,93.50691236014842,101.77690818842969,92.52579311711942,89.51715605829136,98.73635808825073,96.83653606563063,91.90164842131003,85.27406858125458,,97.0518318824622
2003:Q3,91.89689484362489,100.39593378017923,95.92180403462069,97.18281023330121,98.2912606640899,95.90773009381952,97.53852816727601,96.00074955991732,98.2168609411025,97.85271591015855,92.79732055368214,98.3182453206911,97.57028563850209,95.368784778086,93.36695370325614,101.28006479298249,93.15516583739078,91.04483445256021,98.92659902777416,98.09459656360802,92.87956846164788,85.78793260712263,,97.59944378639241
2003:Q4,93.26361606073331,100.28351389875185,96.33182904148589,97.32486983351644,98.6513893733194,96.37184703613798,98.22320849878191,96.4351763280243,98.56944370136065,98.88611480188021,90.56837221516042,98.4332540597611,98.08135668570928,95.85583495253397,94.3918961722377,101.06588599905922,93.74100470349414,92.54616963200598,98.44135128250039,98.15464778628166,93.99452492331594,87.11776288437736,,97.90385429849147
2004:Q1,94.95934280365262,99.66249774491058,97.30937062713222,98.26114607988525,99.35040575620654,96.6326755072021,98.00128493144622,97.74799872850643,98.76256739487108,98.3660136075087,92.46983096852296,100.06508465562263,98.23386660110405,97.21316732864004,94.53301764276375,102.08541304978671,93.55138737397579,94.06919768553153,99.04374757209132,98.83295744451506,93.80308417504156,90.227904442204,,98.48041323335308
2004:Q2,98.04204610749571,99.4480688665229,98.46794477298502,98.24157116103002,99.05790685332343,97.59118310443255,98.31904313234767,98.41657096432516,99.74224873571123,100.09591634916708,95.28685742602455,100.0283915694643,98.44605969995051,98.33665940124376,95.57837341052499,101.74880028462347,95.17236158155423,95.4695901531502,97.95959658455776,99.53067789155851,95.24829829815901,92.19537262425338,,99.13491324726667
2004:Q3,96.97451644027294,100.31149042946095,98.54726174550862,98.7626783630304,99.37903071696203,98.721494622654,98.13104674710337,99.09350389750648,99.91784140546493,100.01798792076211,96.81510296705795,99.82806200039374,98.69159013146935,98.47958488863412,97.11608441086668,101.64130356371427,94.93960392438498,97.16571748260854,99.3614309792678,99.73771155935056,96.68204820805661,94.20340941013966,,99.31811746242361
2004:Q4,98.68523172287392,100.89511271961067,99.12490741200229,99.04069623753583,100.11581544980695,99.3556106491186,99.20023377665709,98.32889893461233,99.80121954661075,98.47231206074842,94.6036359760917,99.51288242087328,98.91857998978054,99.55429965023612,98.18890328480032,101.95755095169999,96.26553611512904,98.08190298507145,100.026514470328,100.65197983438827,97.54549719755583,96.2527760127911,,99.83291031678708
2005:Q1,98.68328358905345,100.49908321843975,98.60155329810237,99.16847586690064,99.25719680477046,100.09602785264352,99.0801281690328,98.423301132277,99.76740099741083,99.08540081421722,98.30108023734704,99.74488380440948,99.45187138878299,99.3350747152442,99.05921408178203,102.09406088499084,100.04248207469915,98.8475318112162,99.37633448146546,99.40467862062596,98.32743395460521,97.35402919374151,,99.39374303869619
2005:Q2,100.5636198803201,99.38551091445447,99.32061908307008,99.62587454418498,100.29381426353142,100.7762219524735,100.13820068903689,99.42406210130189,99.88265695262263,99.31088368349012,102.2562976291163,99.94791922449552,99.83732024902697,99.85818507633745,99.80931756433858,100.24660113682573,101.12971462469406,99.84240704012377,99.07962817948932,99.9112532489072,99.51021246856651,99.36871916032372,,99.90071714152418
2005:Q3,100.73739808401325,99.55493854599099,100.73228621516822,100.32930913974143,100.21731021161746,99.75292200052682,100.2926872507195,101.27690597173724,99.82130876800814,100.33520380756183,100.86126956805484,100.1601593192692,100.26722780792616,100.22916639527597,100.4482197675102,99.33023126477157,99.45691228225581,100.4313396095398,100.4367467724461,100.09317910188213,100.32368617191437,100.91564255685617,,100.17138852386132
2005:Q4,100.00201579038261,100.56272247271032,101.32519929344703,100.87032908511155,100.22528575736602,99.38631013418728,100.46979650978756,100.88267887878249,100.52348335933688,101.2484675289235,98.59140838013423,100.14279593149458,100.44571577400903,100.56824209140349,100.66405607793234,98.36757101503045,99.37462337758181,100.86229941665319,101.10581791619065,100.57509532425742,101.77726060434777,102.28836605502974,,100.52341591657375
2006:Q1,99.56783268111772,101.82921834781413,105.08949436880658,101.91306383449998,101.25156691542838,101.07162154852345,100.12115498194734,101.25275542078698,100.28802372486396,100.99671318734642,101.33065393533379,100.29550425107827,100.44422101150788,101.02956485758459,101.23549306564814,98.28911670174736,95.32542351082512,101.12407710614045,100.82255230247227,102.61635561119947,104.2083202135174,104.4905700479786,,101.60307711372418
2006:Q2,99.07375865406853,101.51590556745391,103.09723418212118,102.39329606768305,101.79181086034603,102.13099193651513,101.11741631057807,101.66102372974275,101.32052863846191,101.70827943092445,103.84572098495899,100.62746853333142,101.16145023822554,101.47942521942103,101.15209160265424,99.57908706264573,93.11326782055637,101.09992893051528,102.37944909194773,102.47127129553355,105.51990651193348,106.43878731445116,,101.82810488220836
2006:Q3,101.6946103075542,100.63388581540052,104.96112021860623,103.20066116233426,102.18745591213091,99.75911442159821,101.43810656185914,103.38537541037036,101.75387191138164,101.6380816571967,101.98356473825754,101.06670607931494,101.42726537434538,101.99707230926927,101.57307591087697,99.83573284236125,93.90010862623325,102.3691768828983,103.22250427936184,102.43669673834938,106.03443213073415,108.53114259204757,,102.09221105659437
2006:Q4,103.59364144000745,101.64677128933907,106.41798123145337,104.27702529203968,103.03652789691493,100.64057720861028,102.64100784807293,103.74071609832339,103.04859684173562,100.55735591804232,98.67449672233165,101.31574071515675,102.19980965609335,102.89318786335842,102.70211504815646,101.1532260199619,93.93312260345255,104.03753612101613,104.67540938311033,103.44407087276157,107.88770238319297,111.0941312063449,,102.94111916006356
2007:Q1,106.04479985683572,103.00983120578522,107.0022554066085,105.86803323877325,102.32808872639829,100.69639138805384,102.17458796554442,104.65551425296063,103.42307641886839,99.61471601747095,103.36041654042879,101.30944566785962,102.85428749571959,103.32025144171944,103.03976147046325,100.19664335352074,96.4982350730082,105.84100950706588,106.80985546417763,103.6993844346111,109.02619577287291,113.46633827342012,,103.20837038861076
2007:Q2,106.58499159439398,102.61435647598837,106.16551512237957,106.16085775215431,102.28186950686997,101.75477897759339,102.64816841459424,104.40541785319117,103.6279926076104,100.42258950955474,105.80355941538296,101.68998323626543,102.9028303293418,103.42497884568283,104.07608380349332,102.03710163999801,96.55736071871239,107.9239899583359,107.1421942595306,103.61544827435236,109.23635515640689,114.72059553352251,,103.32498232796092
2007:Q3,107.83483520967448,102.96027498003156,107.79101965177138,106.53708976815169,102.74619365720386,100.88483773338044,102.8139201455162,106.18722728639396,104.19208197990937,101.58345555900144,105.13399872113932,101.34420495136136,103.15382665237325,103.90593071642276,104.55162743261096,103.54824358358039,98.30760235958257,110.3135047396201,107.01080708122865,103.5582164160059,109.75851284686016,116.89780127395353,,103.6292050814839
2007:Q4,108.98586069563136,103.4185425487468,109.2085405587393,105.97536894816393,103.394461175759,102.76589502516951,103.2294640032235,105.64396704922518,104.31992860260382,101.54290590395149,103.4214105427633,100.73814056606425,102.90383623104387,104.41364810268871,106.37207055870026,103.76177303481704,98.361839912336,111.48172553147735,107.62720744927768,103.32461921354515,110.14693207494753,117.48015517721416,,103.65801399577906
2008:Q1,109.7398385451875,104.2753231233275,111.18109110935093,105.44164103646756,103.73240530573031,101.72913147087833,102.91989007715598,105.90698627278876,104.33579279898268,100.55633182202364,107.66809441792513,99.6994053770488,102.63798382902212,104.90862654998942,108.90669759332332,103.47077873668151,99.59980365826657,111.76592933634124,109.82110272573343,104.13272111033768,110.86324173262366,120.678816550174,,104.02861330922171
2008:Q2,109.46744822828887,103.80835689644749,110.6517373816351,104.87558722982338,104.89422179755192,101.94232135230554,103.21355007666486,107.19699215887695,103.77875778549893,102.59126945712322,110.08347478238841,98.686401739687,102.59802675144407,104.18899234137928,105.9678849851019,102.63618353335168,100.12254983253177,111.29265449388643,109.71547235936652,106.04605125726512,110.99217454510496,121.59155538851567,,104.89842620949281
2008:Q3,108.27779873400529,103.66003366702428,109.55416983803478,104.25180772752395,104.13811197915987,99.57025243834237,102.69829721721864,107.06046551118027,103.07818169111007,100.89081071300818,108.8136013248448,97.45902135442799,102.34239841940582,103.9337401626355,107.59829723650043,102.00147385392218,99.88242405094428,109.91004442792413,109.4448750956806,103.31421589293284,110.03685168903989,120.89890595296868,,103.32461363271841
2008:Q4,116.20509421508241,105.20797239430482,110.74318060925069,104.9143398261348,104.38804744311629,99.9666629334583,104.13443669049354,106.78494975870969,103.53646768461739,101.98372500801017,108.7328947517743,97.32525934917045,103.39945027649016,104.44789036703503,109.94043702095007,101.6844056492823,100.17176217962725,109.41564101014478,107.95397570987468,103.64147542368933,109.7549734286647,121.39239142804432,,103.98374409626601
2009:Q1,113.90782159396954,106.43489741163177,110.80738516847232,104.92637977344575,104.1042284911951,101.3704390772728,104.96755065164632,107.80285284476683,103.7945200046742,99.90659370158774,112.03281438974976,97.13901726491288,104.42320307456492,104.1909616685005,107.06105911874802,101.28907367409184,101.0986259808767,108.03758518167174,108.99235918384049,103.25111402230227,109.00604145799481,118.28533522681732,,103.80636331774849
2009:Q2,116.90615232581041,106.57762148474768,111.34752002893136,105.02998928435194,104.48729339140988,101.93439677241791,106.18256473404104,108.21084001402977,104.47804201000717,103.76234242164655,111.91950207637586,96.04845695971098,105.1893429528391,104.2065678071171,106.54944738814139,101.72813250929984,101.91410924815416,108.02434276745416,110.29055349427522,103.7876186243897,108.06208121021429,117.72517529927387,,104.52086607792236
2009:Q3,113.40281649728053,106.38902187368917,111.20866498127793,105.23657110951639,104.60395881632083,100.85060914561774,104.83718851841685,109.78196289486766,104.65975444021669,103.25123152661378,109.20450072328856,95.51842585642318,105.96311653170562,104.40574000525164,106.58834723396441,100.7606568588908,103.58669256276933,107.98390144802983,110.52965106458008,102.45786333604767,107.43488199789364,117.5816862638921,,103.88234570908249
2009:Q4,113.53920314352943,105.7693301964139,110.88034741671542,105.52421697626218,104.3057094900341,103.08141514921768,105.1199172104637,110.10883968214861,104.5891180111337,103.12725451806331,105.77384429212822,95.19957697769657,106.9045489818348,105.58529853101332,107.69479925807961,101.44947767045431,104.35515936755641,108.79075371359221,110.73004826102004,102.14956730724305,107.7086745600384,117.24112084727246,,103.88036254138416
2010:Q1,113.08419216462828,104.87560882619636,110.66577977257472,105.83548488944095,104.62886019441791,103.82611997043442,102.73187508936847,110.31467825216885,104.40930592293252,103.54380719093463,108.55783608308109,94.88711214965123,107.2575367719335,106.67890789920347,108.29895470953808,101.12467765177824,103.4125195620424,108.82156351597246,110.25472058022771,102.12466106817897,108.57216726868079,117.05920849089584,,103.87567324155262
2010:Q2,114.08029824880006,104.85338317499442,114.35475190642703,105.94963707866765,105.44544896226643,104.86082418953465,102.90326962106934,110.52796578272836,104.60948621063658,103.21647788406688,108.81345449862354,94.56691574629991,107.55882311544644,106.99830713262348,108.66349184732289,100.99218183944647,104.7429083283723,110.04075901205594,110.94723661387414,103.2417810178894,109.70597431476132,116.35281401216075,,104.62277206936648
2010:Q3,115.87707819789819,104.84075145425527,112.06244396894765,106.92230863353132,106.28298360604053,104.71423029603855,101.44521716126398,112.5012159525715,105.30855822178128,103.5681157644221,106.70817209858434,94.38501301156225,108.44701923214429,107.56874750072024,109.28464023890318,101.35283642286372,104.76289557638945,110.24178435152636,112.54708495624257,103.46865218401203,111.1757373733947,116.07547086080616,,104.91146544650472
2010:Q4,117.6004706448432,104.1391593060327,113.45251689186865,107.01075224549466,107.04492957209106,106.16560609333524,101.7080961825543,112.7642411579375,105.36356344810144,102.58799040320451,103.26128083184855,94.10677156734744,108.83170324400642,108.19216609153453,108.78181928833241,101.3524767704606,104.60358539924803,109.3826607541492,113.70487670745048,103.88186517409505,112.06676636642646,115.4328412229121,,105.23726749863408
2011:Q1,119.70449124781635,102.85354104970317,114.56517839449765,107.36603587137996,106.73158508018257,106.42700312677376,99.45291875477574,112.38617719127963,105.33335010907989,100.98768136331253,103.14031743514384,93.73218914426079,108.98988345053957,108.67169341797603,108.0727394453038,101.46876969937226,106.7305611370446,110.08335487982191,113.32021119519217,105.10321353646069,113.28994817232656,114.8138818618069,,105.64999655673834
2011:Q2,118.10096580952869,102.32937045854365,114.14612323829839,108.08748903980205,106.8545615792345,106.89614467807408,100.00877880653702,112.19156606476194,105.56096219008111,101.44637207481071,104.1368255451293,93.15835651041323,110.01703163132272,108.7340521547678,107.58428811581358,100.92061568136059,106.58536375349328,110.46040627982822,115.47790771746158,104.79326435005005,113.97254889449712,114.58714724506198,,105.66814992232787
2011:Q3,119.73465811946731,102.9807125390833,114.65655727680635,108.9965231873715,107.81294589910542,105.82660969015349,99.14481690046372,113.56371285436857,105.25853057634814,101.22727964983444,104.29467951794715,92.72845718872227,110.19866678653078,108.63987982105002,107.38122424526131,100.09000352081907,108.24149714624178,112.00576216548835,116.08194137837764,104.96400224766798,114.58417656703618,114.25711257178574,,105.83111300999094
2011:Q4,119.89583816228475,102.83293650470866,114.38366733368383,109.71018101704941,108.10591927341642,106.1028607492149,99.17927531474741,112.61557483804478,104.96184165125261,101.80879162097254,102.03621389539141,91.56665360239707,109.77783631958829,108.97248942984268,107.95537934028113,99.95900360639884,108.86162406390629,113.11366081121031,115.91948736363594,104.5686440348244,114.74152414550687,113.07510464220994,,105.59965368660102
2012:Q1,120.42126538444515,102.13950327731398,115.58137361577732,110.2316021222225,108.3025425742403,105.66464546427706,96.63952594419288,112.93003260435074,104.70482251761004,102.87491055876477,103.3239028524409,90.95335768554341,109.75798602917482,108.93852905534803,106.54457490856993,99.2759543268961,108.64987847780678,114.03336473676585,117.24106944471428,104.86606658105964,115.96403542200446,114.09495136161847,,105.73407135267428
2012:Q2,121.92566962376145,102.96123629852048,116.33972922120024,110.95598916680747,107.41300246168176,106.01956072753862,96.70875164577511,112.15266854955159,104.83460025596007,105.07394207653569,103.72037255405311,89.9548695842504,110.54328015399018,109.42543316132023,107.45559229156328,98.94553286898288,109.96474856373715,113.65116575458292,118.54423204144895,105.10458634331043,116.73654386106806,112.23332181971809,,106.06562899741573
2012:Q3,119.1262408050867,103.70976504265994,116.75472256173198,111.90123389104136,107.30552438591721,105.20464571458925,96.14030376952633,113.37650981385983,104.85902849733684,104.60611536264773,101.9773607109342,89.16298353065687,111.78927981121933,110.16137686215686,107.06992783187978,98.69611702499516,110.52642328156827,114.1327441388999,119.53266320212938,104.69494102361703,117.61791438164467,109.47284330540097,,105.95562710485136
2012:Q4,119.78787657063148,103.4867721924646,117.72533470511537,112.7281985286101,107.69862077042289,106.17586717673372,95.8290054070001,112.84197068851833,103.58253652236242,103.75082260035103,99.65978205611249,88.47637579421652,112.03876314128354,110.42309120053586,107.08694702123296,96.91165158456204,110.7259480390399,114.20868163948606,120.5337917133698,106.70240221749489,116.75469073504746,107.06895279693984,,106.68439121594454
2013:Q1,120.15976330637032,103.76225011477783,118.44876600804233,112.99826518054805,107.76885640019051,106.97799214983178,95.04178937691425,113.40178463050847,104.99077525635674,101.97132149682382,99.32198825495186,88.0737056177301,112.64358407088726,111.23329643177142,105.9955135003675,95.82577103887616,112.04018716998223,115.05098051041209,121.91311354800303,104.23473074475618,117.88996496980538,104.1570752921572,,105.7587679275722
2013:Q2,119.13847976843144,103.97524547348347,118.53461456381305,113.70539110274638,107.86249178464817,106.59152422483767,95.44232006467148,112.28560448185489,105.34162755789586,103.45194849160673,100.88671238329071,87.71134541018223,113.04224750406216,112.36510430463798,107.34483570441155,95.67391455867356,112.5314131993604,115.94036757981978,121.47352094937418,105.05725090358789,118.34585828715994,100.86039636959711,,106.28828362186348
2013:Q3,120.29038950200146,104.33845868166824,118.56336475807905,114.19574281805207,108.55843992619356,105.03781932250011,95.21934451978962,113.7359914667953,105.05193232916108,104.16289499496204,101.13159556076269,87.00758284578654,113.17614848684654,113.28689325610819,107.82984498067086,95.56076052287968,111.50973406219518,116.59851301905269,121.73208142979881,105.56773106167722,118.45419487565928,97.4503024322714,,106.60646441790917
2013:Q4,119.56159476375309,105.29659359605168,119.43510792676808,115.02518721804267,108.63112629706913,105.0132348172566,95.59783171684035,113.20194437960282,105.00950894703503,103.88791640212627,100.8837128031063,86.88780584489417,113.06782793413586,114.5062665107027,107.94388682365788,97.03243991511319,112.06386156512662,117.63233041113064,124.33825285393492,105.50884002641145,119.08579514356093,93.50141935925369,,106.6921721460032
